href,id,name,popularity,type,uri,external_urls.spotify,followers.href,followers.total
https://api.spotify.com/v1/artists/4mtHSXwIHihO6MWNq5Qoko,4mtHSXwIHihO6MWNq5Qoko,Squarepusher,49,artist,spotify:artist:4mtHSXwIHihO6MWNq5Qoko,https://open.spotify.com/artist/4mtHSXwIHihO6MWNq5Qoko,NA,125645
https://api.spotify.com/v1/artists/2VAvhf61GgLYmC6C8anyX1,2VAvhf61GgLYmC6C8anyX1,Boards of Canada,60,artist,spotify:artist:2VAvhf61GgLYmC6C8anyX1,https://open.spotify.com/artist/2VAvhf61GgLYmC6C8anyX1,NA,363849
https://api.spotify.com/v1/artists/6WH1V41LwGDGmlPUhSZLHO,6WH1V41LwGDGmlPUhSZLHO,Autechre,45,artist,spotify:artist:6WH1V41LwGDGmlPUhSZLHO,https://open.spotify.com/artist/6WH1V41LwGDGmlPUhSZLHO,NA,117242
https://api.spotify.com/v1/artists/6kic5bCjlohhDn9KzXbOta,6kic5bCjlohhDn9KzXbOta,Clark,44,artist,spotify:artist:6kic5bCjlohhDn9KzXbOta,https://open.spotify.com/artist/6kic5bCjlohhDn9KzXbOta,NA,87812
https://api.spotify.com/v1/artists/3csPCeXsj2wezyvkRFzvmV,3csPCeXsj2wezyvkRFzvmV,Orbital,53,artist,spotify:artist:3csPCeXsj2wezyvkRFzvmV,https://open.spotify.com/artist/3csPCeXsj2wezyvkRFzvmV,NA,201283
https://api.spotify.com/v1/artists/3mvkWMe6swnknwscwvGCHO,3mvkWMe6swnknwscwvGCHO,Amon Tobin,49,artist,spotify:artist:3mvkWMe6swnknwscwvGCHO,https://open.spotify.com/artist/3mvkWMe6swnknwscwvGCHO,NA,170251
https://api.spotify.com/v1/artists/5HAtRoEPUvGSA7ziTGB1cF,5HAtRoEPUvGSA7ziTGB1cF,The Orb,50,artist,spotify:artist:5HAtRoEPUvGSA7ziTGB1cF,https://open.spotify.com/artist/5HAtRoEPUvGSA7ziTGB1cF,NA,99087
https://api.spotify.com/v1/artists/7Eu1txygG6nJttLHbZdQOh,7Eu1txygG6nJttLHbZdQOh,Four Tet,69,artist,spotify:artist:7Eu1txygG6nJttLHbZdQOh,https://open.spotify.com/artist/7Eu1txygG6nJttLHbZdQOh,NA,424973
https://api.spotify.com/v1/artists/0uCCBpmg6MrPb1KY2msceF,0uCCBpmg6MrPb1KY2msceF,Burial,53,artist,spotify:artist:0uCCBpmg6MrPb1KY2msceF,https://open.spotify.com/artist/0uCCBpmg6MrPb1KY2msceF,NA,256565
https://api.spotify.com/v1/artists/1qiwaJwjKod5WhcYZ76O1B,1qiwaJwjKod5WhcYZ76O1B,Tim Hecker,47,artist,spotify:artist:1qiwaJwjKod5WhcYZ76O1B,https://open.spotify.com/artist/1qiwaJwjKod5WhcYZ76O1B,NA,82362
https://api.spotify.com/v1/artists/6kBDZFXuLrZgHnvmPu9NsG,6kBDZFXuLrZgHnvmPu9NsG,Aphex Twin,64,artist,spotify:artist:6kBDZFXuLrZgHnvmPu9NsG,https://open.spotify.com/artist/6kBDZFXuLrZgHnvmPu9NsG,NA,567395
https://api.spotify.com/v1/artists/1PXHzxRDiLnjqNrRn2Xbsa,1PXHzxRDiLnjqNrRn2Xbsa,Underworld,60,artist,spotify:artist:1PXHzxRDiLnjqNrRn2Xbsa,https://open.spotify.com/artist/1PXHzxRDiLnjqNrRn2Xbsa,NA,355044
https://api.spotify.com/v1/artists/5uh8Bhewltd8j0TLZjNImc,5uh8Bhewltd8j0TLZjNImc,Lemon Jelly,54,artist,spotify:artist:5uh8Bhewltd8j0TLZjNImc,https://open.spotify.com/artist/5uh8Bhewltd8j0TLZjNImc,NA,114043
https://api.spotify.com/v1/artists/72hqBMsw7x5jnfxxwkii8L,72hqBMsw7x5jnfxxwkii8L,Leftfield,50,artist,spotify:artist:72hqBMsw7x5jnfxxwkii8L,https://open.spotify.com/artist/72hqBMsw7x5jnfxxwkii8L,NA,129094
https://api.spotify.com/v1/artists/7bHm3B3jJju0q9FUdOgp3b,7bHm3B3jJju0q9FUdOgp3b,Blockhead,52,artist,spotify:artist:7bHm3B3jJju0q9FUdOgp3b,https://open.spotify.com/artist/7bHm3B3jJju0q9FUdOgp3b,NA,129235
https://api.spotify.com/v1/artists/00G1NTDAoU7rBpjG4KoYAM,00G1NTDAoU7rBpjG4KoYAM,DJ Krush,45,artist,spotify:artist:00G1NTDAoU7rBpjG4KoYAM,https://open.spotify.com/artist/00G1NTDAoU7rBpjG4KoYAM,NA,87769
https://api.spotify.com/v1/artists/1O7aMVbDeSXY2LiVBhb13w,1O7aMVbDeSXY2LiVBhb13w,The Herbaliser,45,artist,spotify:artist:1O7aMVbDeSXY2LiVBhb13w,https://open.spotify.com/artist/1O7aMVbDeSXY2LiVBhb13w,NA,82750
https://api.spotify.com/v1/artists/2B0PgHZi2zaDqjKe86Gaip,2B0PgHZi2zaDqjKe86Gaip,Mr. Scruff,48,artist,spotify:artist:2B0PgHZi2zaDqjKe86Gaip,https://open.spotify.com/artist/2B0PgHZi2zaDqjKe86Gaip,NA,116681
https://api.spotify.com/v1/artists/2p2uE4i92Dn4DkThfoKIB9,2p2uE4i92Dn4DkThfoKIB9,Igorrr,54,artist,spotify:artist:2p2uE4i92Dn4DkThfoKIB9,https://open.spotify.com/artist/2p2uE4i92Dn4DkThfoKIB9,NA,83410
https://api.spotify.com/v1/artists/4aEnNH9PuU1HF3TsZTru54,4aEnNH9PuU1HF3TsZTru54,Caribou,68,artist,spotify:artist:4aEnNH9PuU1HF3TsZTru54,https://open.spotify.com/artist/4aEnNH9PuU1HF3TsZTru54,NA,459798
https://api.spotify.com/v1/artists/0qzzGu8qpbXYpzgV52wOFT,0qzzGu8qpbXYpzgV52wOFT,Bibio,61,artist,spotify:artist:0qzzGu8qpbXYpzgV52wOFT,https://open.spotify.com/artist/0qzzGu8qpbXYpzgV52wOFT,NA,168875
https://api.spotify.com/v1/artists/3NUtpWpGDoffm3RCGhSHtl,3NUtpWpGDoffm3RCGhSHtl,Mount Kimbie,57,artist,spotify:artist:3NUtpWpGDoffm3RCGhSHtl,https://open.spotify.com/artist/3NUtpWpGDoffm3RCGhSHtl,NA,231808
https://api.spotify.com/v1/artists/7yxi31szvlbwvKq9dYOmFI,7yxi31szvlbwvKq9dYOmFI,Jon Hopkins,63,artist,spotify:artist:7yxi31szvlbwvKq9dYOmFI,https://open.spotify.com/artist/7yxi31szvlbwvKq9dYOmFI,NA,325969
https://api.spotify.com/v1/artists/2AR42Ur9PcchQDtEdwkv4L,2AR42Ur9PcchQDtEdwkv4L,Floating Points,55,artist,spotify:artist:2AR42Ur9PcchQDtEdwkv4L,https://open.spotify.com/artist/2AR42Ur9PcchQDtEdwkv4L,NA,172296
https://api.spotify.com/v1/artists/1kR99O4MgSTasyeJh8UFCg,1kR99O4MgSTasyeJh8UFCg,DJ Koze,59,artist,spotify:artist:1kR99O4MgSTasyeJh8UFCg,https://open.spotify.com/artist/1kR99O4MgSTasyeJh8UFCg,NA,160073
https://api.spotify.com/v1/artists/40Ojab0UtVQFjA76qXr8Ot,40Ojab0UtVQFjA76qXr8Ot,Apparat,57,artist,spotify:artist:40Ojab0UtVQFjA76qXr8Ot,https://open.spotify.com/artist/40Ojab0UtVQFjA76qXr8Ot,NA,256946
https://api.spotify.com/v1/artists/7Go2Fj2YWEQkYBqTVQArYi,7Go2Fj2YWEQkYBqTVQArYi,Pantha Du Prince,44,artist,spotify:artist:7Go2Fj2YWEQkYBqTVQArYi,https://open.spotify.com/artist/7Go2Fj2YWEQkYBqTVQArYi,NA,83604
https://api.spotify.com/v1/artists/0IVapwlnM3dEOiMsHXsghT,0IVapwlnM3dEOiMsHXsghT,Nosaj Thing,53,artist,spotify:artist:0IVapwlnM3dEOiMsHXsghT,https://open.spotify.com/artist/0IVapwlnM3dEOiMsHXsghT,NA,166238
https://api.spotify.com/v1/artists/05lIUgmmsmTX2N9dCKc8rC,05lIUgmmsmTX2N9dCKc8rC,Rival Consoles,55,artist,spotify:artist:05lIUgmmsmTX2N9dCKc8rC,https://open.spotify.com/artist/05lIUgmmsmTX2N9dCKc8rC,NA,80721
https://api.spotify.com/v1/artists/6xS3zemJD9h94iueQvGqVk,6xS3zemJD9h94iueQvGqVk,Gold Panda,46,artist,spotify:artist:6xS3zemJD9h94iueQvGqVk,https://open.spotify.com/artist/6xS3zemJD9h94iueQvGqVk,NA,167435
https://api.spotify.com/v1/artists/2wPDbhaGXCqROrVmwDdCrK,2wPDbhaGXCqROrVmwDdCrK,Oneohtrix Point Never,59,artist,spotify:artist:2wPDbhaGXCqROrVmwDdCrK,https://open.spotify.com/artist/2wPDbhaGXCqROrVmwDdCrK,NA,115942
https://api.spotify.com/v1/artists/46Ce0QmI1mE2bl5VQ4P9N8,46Ce0QmI1mE2bl5VQ4P9N8,Lapalux,48,artist,spotify:artist:46Ce0QmI1mE2bl5VQ4P9N8,https://open.spotify.com/artist/46Ce0QmI1mE2bl5VQ4P9N8,NA,86035
https://api.spotify.com/v1/artists/31uyAcnY0kjjKKIQZMKX4i,31uyAcnY0kjjKKIQZMKX4i,Grouper,52,artist,spotify:artist:31uyAcnY0kjjKKIQZMKX4i,https://open.spotify.com/artist/31uyAcnY0kjjKKIQZMKX4i,NA,97277
https://api.spotify.com/v1/artists/592TFYwu9Qb0RC1hKDbX2w,592TFYwu9Qb0RC1hKDbX2w,Helios,54,artist,spotify:artist:592TFYwu9Qb0RC1hKDbX2w,https://open.spotify.com/artist/592TFYwu9Qb0RC1hKDbX2w,NA,85970
https://api.spotify.com/v1/artists/48C2RLG6w7o4jAJjCJKZM8,48C2RLG6w7o4jAJjCJKZM8,Shigeto,45,artist,spotify:artist:48C2RLG6w7o4jAJjCJKZM8,https://open.spotify.com/artist/48C2RLG6w7o4jAJjCJKZM8,NA,87836
https://api.spotify.com/v1/artists/29XOeO6KIWxGthejQqn793,29XOeO6KIWxGthejQqn793,Flying Lotus,61,artist,spotify:artist:29XOeO6KIWxGthejQqn793,https://open.spotify.com/artist/29XOeO6KIWxGthejQqn793,NA,527440
https://api.spotify.com/v1/artists/6olWbKW2VLhFCHfOi0iEDb,6olWbKW2VLhFCHfOi0iEDb,Hudson Mohawke,50,artist,spotify:artist:6olWbKW2VLhFCHfOi0iEDb,https://open.spotify.com/artist/6olWbKW2VLhFCHfOi0iEDb,NA,97317
https://api.spotify.com/v1/artists/5Mu0EMEsUIVE132pNMywns,5Mu0EMEsUIVE132pNMywns,Skinny Puppy,43,artist,spotify:artist:5Mu0EMEsUIVE132pNMywns,https://open.spotify.com/artist/5Mu0EMEsUIVE132pNMywns,NA,109019
https://api.spotify.com/v1/artists/1GhPHrq36VKCY3ucVaZCfo,1GhPHrq36VKCY3ucVaZCfo,The Chemical Brothers,66,artist,spotify:artist:1GhPHrq36VKCY3ucVaZCfo,https://open.spotify.com/artist/1GhPHrq36VKCY3ucVaZCfo,NA,1250181
https://api.spotify.com/v1/artists/67tgMwUfnmqzYsNAtnP6YJ,67tgMwUfnmqzYsNAtnP6YJ,Groove Armada,61,artist,spotify:artist:67tgMwUfnmqzYsNAtnP6YJ,https://open.spotify.com/artist/67tgMwUfnmqzYsNAtnP6YJ,NA,419932
https://api.spotify.com/v1/artists/5T4UKHhr4HGIC0VzdZQtAE,5T4UKHhr4HGIC0VzdZQtAE,Faithless,61,artist,spotify:artist:5T4UKHhr4HGIC0VzdZQtAE,https://open.spotify.com/artist/5T4UKHhr4HGIC0VzdZQtAE,NA,384667
https://api.spotify.com/v1/artists/5aj3LEYRbuaabjjHkj5oE1,5aj3LEYRbuaabjjHkj5oE1,Death In Vegas,49,artist,spotify:artist:5aj3LEYRbuaabjjHkj5oE1,https://open.spotify.com/artist/5aj3LEYRbuaabjjHkj5oE1,NA,86633
https://api.spotify.com/v1/artists/5eKLa1xyHLq8ERWmT1CRHj,5eKLa1xyHLq8ERWmT1CRHj,The Crystal Method,52,artist,spotify:artist:5eKLa1xyHLq8ERWmT1CRHj,https://open.spotify.com/artist/5eKLa1xyHLq8ERWmT1CRHj,NA,178761
https://api.spotify.com/v1/artists/5sL9uDMwceYHPknnCLAAwJ,5sL9uDMwceYHPknnCLAAwJ,GusGus,48,artist,spotify:artist:5sL9uDMwceYHPknnCLAAwJ,https://open.spotify.com/artist/5sL9uDMwceYHPknnCLAAwJ,NA,109990
https://api.spotify.com/v1/artists/2nszamLjZFgu3Yx77mKxuC,2nszamLjZFgu3Yx77mKxuC,UNKLE,55,artist,spotify:artist:2nszamLjZFgu3Yx77mKxuC,https://open.spotify.com/artist/2nszamLjZFgu3Yx77mKxuC,NA,224367
https://api.spotify.com/v1/artists/3wury2nd8idV4GecUg5xze,3wury2nd8idV4GecUg5xze,Primal Scream,61,artist,spotify:artist:3wury2nd8idV4GecUg5xze,https://open.spotify.com/artist/3wury2nd8idV4GecUg5xze,NA,300364
https://api.spotify.com/v1/artists/4k1ELeJKT1ISyDv8JivPpB,4k1ELeJKT1ISyDv8JivPpB,The Prodigy,68,artist,spotify:artist:4k1ELeJKT1ISyDv8JivPpB,https://open.spotify.com/artist/4k1ELeJKT1ISyDv8JivPpB,NA,1321166
https://api.spotify.com/v1/artists/4Y7tXHSEejGu1vQ9bwDdXW,4Y7tXHSEejGu1vQ9bwDdXW,Fatboy Slim,67,artist,spotify:artist:4Y7tXHSEejGu1vQ9bwDdXW,https://open.spotify.com/artist/4Y7tXHSEejGu1vQ9bwDdXW,NA,740360
https://api.spotify.com/v1/artists/339DNkQkuhHKEcHw6oK8f0,339DNkQkuhHKEcHw6oK8f0,Happy Mondays,53,artist,spotify:artist:339DNkQkuhHKEcHw6oK8f0,https://open.spotify.com/artist/339DNkQkuhHKEcHw6oK8f0,NA,241935
https://api.spotify.com/v1/artists/3xYNGCooNIzKMAtJYKSOyq,3xYNGCooNIzKMAtJYKSOyq,Electronic,45,artist,spotify:artist:3xYNGCooNIzKMAtJYKSOyq,https://open.spotify.com/artist/3xYNGCooNIzKMAtJYKSOyq,NA,83779
https://api.spotify.com/v1/artists/66GWpx9iLxrvvfhDsG9STP,66GWpx9iLxrvvfhDsG9STP,Inspiral Carpets,46,artist,spotify:artist:66GWpx9iLxrvvfhDsG9STP,https://open.spotify.com/artist/66GWpx9iLxrvvfhDsG9STP,NA,84590
https://api.spotify.com/v1/artists/14H7ag1wpQOsPPQJOD6Dqr,14H7ag1wpQOsPPQJOD6Dqr,Zero 7,62,artist,spotify:artist:14H7ag1wpQOsPPQJOD6Dqr,https://open.spotify.com/artist/14H7ag1wpQOsPPQJOD6Dqr,NA,345247
https://api.spotify.com/v1/artists/39ywlwtGw8RTGobakgb11L,39ywlwtGw8RTGobakgb11L,Kruder & Dorfmeister,44,artist,spotify:artist:39ywlwtGw8RTGobakgb11L,https://open.spotify.com/artist/39ywlwtGw8RTGobakgb11L,NA,105820
https://api.spotify.com/v1/artists/4tNxq9NGKTKaX8OkZBLgf0,4tNxq9NGKTKaX8OkZBLgf0,Nightmares On Wax,60,artist,spotify:artist:4tNxq9NGKTKaX8OkZBLgf0,https://open.spotify.com/artist/4tNxq9NGKTKaX8OkZBLgf0,NA,286144
https://api.spotify.com/v1/artists/25KNo5GDS6ZpLkjasaecA3,25KNo5GDS6ZpLkjasaecA3,Thievery Corporation,64,artist,spotify:artist:25KNo5GDS6ZpLkjasaecA3,https://open.spotify.com/artist/25KNo5GDS6ZpLkjasaecA3,NA,521754
https://api.spotify.com/v1/artists/5ZMwoAjeDtLJ0XRwRTgaK8,5ZMwoAjeDtLJ0XRwRTgaK8,Quantic,60,artist,spotify:artist:5ZMwoAjeDtLJ0XRwRTgaK8,https://open.spotify.com/artist/5ZMwoAjeDtLJ0XRwRTgaK8,NA,208279
https://api.spotify.com/v1/artists/1P6U1dCeHxPui5pIrGmndZ,1P6U1dCeHxPui5pIrGmndZ,Air,64,artist,spotify:artist:1P6U1dCeHxPui5pIrGmndZ,https://open.spotify.com/artist/1P6U1dCeHxPui5pIrGmndZ,NA,585602
https://api.spotify.com/v1/artists/484sZUYmnRXN84zmk3GY1n,484sZUYmnRXN84zmk3GY1n,St Germain,56,artist,spotify:artist:484sZUYmnRXN84zmk3GY1n,https://open.spotify.com/artist/484sZUYmnRXN84zmk3GY1n,NA,175496
https://api.spotify.com/v1/artists/1O3ZOjqFLEnbpZexcRjocn,1O3ZOjqFLEnbpZexcRjocn,RJD2,57,artist,spotify:artist:1O3ZOjqFLEnbpZexcRjocn,https://open.spotify.com/artist/1O3ZOjqFLEnbpZexcRjocn,NA,287267
https://api.spotify.com/v1/artists/3qwxSif06Qwzykdln8ZGfG,3qwxSif06Qwzykdln8ZGfG,Wax Tailor,54,artist,spotify:artist:3qwxSif06Qwzykdln8ZGfG,https://open.spotify.com/artist/3qwxSif06Qwzykdln8ZGfG,NA,203565
https://api.spotify.com/v1/artists/5CE2IfdYZEQGIDsfiRm8SI,5CE2IfdYZEQGIDsfiRm8SI,DJ Shadow,64,artist,spotify:artist:5CE2IfdYZEQGIDsfiRm8SI,https://open.spotify.com/artist/5CE2IfdYZEQGIDsfiRm8SI,NA,382575
https://api.spotify.com/v1/artists/3cbU0WxlZJTFLTfXEUB433,3cbU0WxlZJTFLTfXEUB433,Little People,48,artist,spotify:artist:3cbU0WxlZJTFLTfXEUB433,https://open.spotify.com/artist/3cbU0WxlZJTFLTfXEUB433,NA,86172
https://api.spotify.com/v1/artists/6HCnsY0Rxi3cg53xreoAIm,6HCnsY0Rxi3cg53xreoAIm,Emancipator,64,artist,spotify:artist:6HCnsY0Rxi3cg53xreoAIm,https://open.spotify.com/artist/6HCnsY0Rxi3cg53xreoAIm,NA,287595
https://api.spotify.com/v1/artists/0cmWgDlu9CwTgxPhf403hb,0cmWgDlu9CwTgxPhf403hb,Bonobo,68,artist,spotify:artist:0cmWgDlu9CwTgxPhf403hb,https://open.spotify.com/artist/0cmWgDlu9CwTgxPhf403hb,NA,1002340
https://api.spotify.com/v1/artists/32ogthv0BdaSMPml02X9YB,32ogthv0BdaSMPml02X9YB,The Cinematic Orchestra,65,artist,spotify:artist:32ogthv0BdaSMPml02X9YB,https://open.spotify.com/artist/32ogthv0BdaSMPml02X9YB,NA,435978
https://api.spotify.com/v1/artists/1PmVyfIR9KtCxbHWuga8E5,1PmVyfIR9KtCxbHWuga8E5,Lorn,56,artist,spotify:artist:1PmVyfIR9KtCxbHWuga8E5,https://open.spotify.com/artist/1PmVyfIR9KtCxbHWuga8E5,NA,159512
https://api.spotify.com/v1/artists/37uLId6Z5ZXCx19vuruvv5,37uLId6Z5ZXCx19vuruvv5,Hot Chip,63,artist,spotify:artist:37uLId6Z5ZXCx19vuruvv5,https://open.spotify.com/artist/37uLId6Z5ZXCx19vuruvv5,NA,520901
https://api.spotify.com/v1/artists/6Tyzp9KzpiZ04DABQoedps,6Tyzp9KzpiZ04DABQoedps,Little Dragon,68,artist,spotify:artist:6Tyzp9KzpiZ04DABQoedps,https://open.spotify.com/artist/6Tyzp9KzpiZ04DABQoedps,NA,499109
https://api.spotify.com/v1/artists/22ojy4H4ZVpowC4lRRC8In,22ojy4H4ZVpowC4lRRC8In,Destroyer,54,artist,spotify:artist:22ojy4H4ZVpowC4lRRC8In,https://open.spotify.com/artist/22ojy4H4ZVpowC4lRRC8In,NA,119589
https://api.spotify.com/v1/artists/5Z3IWpvwOvoaWodujHw7xh,5Z3IWpvwOvoaWodujHw7xh,Dan Deacon,50,artist,spotify:artist:5Z3IWpvwOvoaWodujHw7xh,https://open.spotify.com/artist/5Z3IWpvwOvoaWodujHw7xh,NA,81147
https://api.spotify.com/v1/artists/38zTZcuN7nFvVJ6auhc6V3,38zTZcuN7nFvVJ6auhc6V3,Deerhunter,58,artist,spotify:artist:38zTZcuN7nFvVJ6auhc6V3,https://open.spotify.com/artist/38zTZcuN7nFvVJ6auhc6V3,NA,280507
https://api.spotify.com/v1/artists/2Jv5eshHtLycR6R8KQCdc4,2Jv5eshHtLycR6R8KQCdc4,Grizzly Bear,61,artist,spotify:artist:2Jv5eshHtLycR6R8KQCdc4,https://open.spotify.com/artist/2Jv5eshHtLycR6R8KQCdc4,NA,653531
https://api.spotify.com/v1/artists/1R84VlXnFFULOsWWV8IrCQ,1R84VlXnFFULOsWWV8IrCQ,Panda Bear,54,artist,spotify:artist:1R84VlXnFFULOsWWV8IrCQ,https://open.spotify.com/artist/1R84VlXnFFULOsWWV8IrCQ,NA,152669
https://api.spotify.com/v1/artists/5zS8r5hRRk1jzD41yYS1NO,5zS8r5hRRk1jzD41yYS1NO,Baths,47,artist,spotify:artist:5zS8r5hRRk1jzD41yYS1NO,https://open.spotify.com/artist/5zS8r5hRRk1jzD41yYS1NO,NA,133676
https://api.spotify.com/v1/artists/6y80I9YZi4DOpbaSUlL725,6y80I9YZi4DOpbaSUlL725,Shlohmo,58,artist,spotify:artist:6y80I9YZi4DOpbaSUlL725,https://open.spotify.com/artist/6y80I9YZi4DOpbaSUlL725,NA,200546
https://api.spotify.com/v1/artists/5juOkIIy18sFw9L30syt1Z,5juOkIIy18sFw9L30syt1Z,Washed Out,60,artist,spotify:artist:5juOkIIy18sFw9L30syt1Z,https://open.spotify.com/artist/5juOkIIy18sFw9L30syt1Z,NA,372310
https://api.spotify.com/v1/artists/3VwKSHAfgzV1DOHV0aANCI,3VwKSHAfgzV1DOHV0aANCI,TOKiMONSTA,61,artist,spotify:artist:3VwKSHAfgzV1DOHV0aANCI,https://open.spotify.com/artist/3VwKSHAfgzV1DOHV0aANCI,NA,222492
https://api.spotify.com/v1/artists/5gqhueRUZEa7VDnQt4HODp,5gqhueRUZEa7VDnQt4HODp,Nils Frahm,67,artist,spotify:artist:5gqhueRUZEa7VDnQt4HODp,https://open.spotify.com/artist/5gqhueRUZEa7VDnQt4HODp,NA,394485
https://api.spotify.com/v1/artists/6X8lhZ7YaRUBlOsOYimlyD,6X8lhZ7YaRUBlOsOYimlyD,Kiasmos,58,artist,spotify:artist:6X8lhZ7YaRUBlOsOYimlyD,https://open.spotify.com/artist/6X8lhZ7YaRUBlOsOYimlyD,NA,172376
https://api.spotify.com/v1/artists/5muFO8VqYRCRW13EkvX564,5muFO8VqYRCRW13EkvX564,Âme,48,artist,spotify:artist:5muFO8VqYRCRW13EkvX564,https://open.spotify.com/artist/5muFO8VqYRCRW13EkvX564,NA,81474
https://api.spotify.com/v1/artists/44zcDDVZOY0ck7KECNUPK1,44zcDDVZOY0ck7KECNUPK1,Dominik Eulberg,49,artist,spotify:artist:44zcDDVZOY0ck7KECNUPK1,https://open.spotify.com/artist/44zcDDVZOY0ck7KECNUPK1,NA,88726
https://api.spotify.com/v1/artists/0WSSKmoRbxqLf3MnXInQ2J,0WSSKmoRbxqLf3MnXInQ2J,Max Cooper,53,artist,spotify:artist:0WSSKmoRbxqLf3MnXInQ2J,https://open.spotify.com/artist/0WSSKmoRbxqLf3MnXInQ2J,NA,92885
https://api.spotify.com/v1/artists/12tZvy2xFpWSkuJ3FsfisZ,12tZvy2xFpWSkuJ3FsfisZ,Weval,55,artist,spotify:artist:12tZvy2xFpWSkuJ3FsfisZ,https://open.spotify.com/artist/12tZvy2xFpWSkuJ3FsfisZ,NA,102151
https://api.spotify.com/v1/artists/2exkZbmNqMKnT8LRWuxWgy,2exkZbmNqMKnT8LRWuxWgy,Moderat,60,artist,spotify:artist:2exkZbmNqMKnT8LRWuxWgy,https://open.spotify.com/artist/2exkZbmNqMKnT8LRWuxWgy,NA,473024
https://api.spotify.com/v1/artists/2jYMYP2SVifgmzNRQJx3SJ,2jYMYP2SVifgmzNRQJx3SJ,Modeselektor,51,artist,spotify:artist:2jYMYP2SVifgmzNRQJx3SJ,https://open.spotify.com/artist/2jYMYP2SVifgmzNRQJx3SJ,NA,166189
https://api.spotify.com/v1/artists/5lsC3H1vh9YSRQckyGv0Up,5lsC3H1vh9YSRQckyGv0Up,Ellen Allien,44,artist,spotify:artist:5lsC3H1vh9YSRQckyGv0Up,https://open.spotify.com/artist/5lsC3H1vh9YSRQckyGv0Up,NA,104685
https://api.spotify.com/v1/artists/4O71i7ke5iIBX6RNSFoZbS,4O71i7ke5iIBX6RNSFoZbS,trentemøller,54,artist,spotify:artist:4O71i7ke5iIBX6RNSFoZbS,https://open.spotify.com/artist/4O71i7ke5iIBX6RNSFoZbS,NA,271234
https://api.spotify.com/v1/artists/4CvTDPKA6W06DRfBnZKrau,4CvTDPKA6W06DRfBnZKrau,Thom Yorke,62,artist,spotify:artist:4CvTDPKA6W06DRfBnZKrau,https://open.spotify.com/artist/4CvTDPKA6W06DRfBnZKrau,NA,532530
https://api.spotify.com/v1/artists/2CKaDZ1Yo8YnWega9IeUzB,2CKaDZ1Yo8YnWega9IeUzB,Booka Shade,54,artist,spotify:artist:2CKaDZ1Yo8YnWega9IeUzB,https://open.spotify.com/artist/2CKaDZ1Yo8YnWega9IeUzB,NA,149056
https://api.spotify.com/v1/artists/3Dw9w3jnmr58ocgxiwITcq,3Dw9w3jnmr58ocgxiwITcq,Rone,54,artist,spotify:artist:3Dw9w3jnmr58ocgxiwITcq,https://open.spotify.com/artist/3Dw9w3jnmr58ocgxiwITcq,NA,111006
https://api.spotify.com/v1/artists/1YvN5uOGQkHVUUlZUcnotD,1YvN5uOGQkHVUUlZUcnotD,John Talabot,41,artist,spotify:artist:1YvN5uOGQkHVUUlZUcnotD,https://open.spotify.com/artist/1YvN5uOGQkHVUUlZUcnotD,NA,100940
https://api.spotify.com/v1/artists/6pohviZSNRueSX7uNu63ZX,6pohviZSNRueSX7uNu63ZX,Moodymann,51,artist,spotify:artist:6pohviZSNRueSX7uNu63ZX,https://open.spotify.com/artist/6pohviZSNRueSX7uNu63ZX,NA,87296
https://api.spotify.com/v1/artists/2sAlo7Fey5cqBk5WJILSd8,2sAlo7Fey5cqBk5WJILSd8,Onra,51,artist,spotify:artist:2sAlo7Fey5cqBk5WJILSd8,https://open.spotify.com/artist/2sAlo7Fey5cqBk5WJILSd8,NA,103387
https://api.spotify.com/v1/artists/2wouN3QXejYa5tKetYdcVX,2wouN3QXejYa5tKetYdcVX,Com Truise,54,artist,spotify:artist:2wouN3QXejYa5tKetYdcVX,https://open.spotify.com/artist/2wouN3QXejYa5tKetYdcVX,NA,180294
https://api.spotify.com/v1/artists/7MSUfLeTdDEoZiJPDSBXgi,7MSUfLeTdDEoZiJPDSBXgi,Brian Eno,66,artist,spotify:artist:7MSUfLeTdDEoZiJPDSBXgi,https://open.spotify.com/artist/7MSUfLeTdDEoZiJPDSBXgi,NA,399650
https://api.spotify.com/v1/artists/1aVONoJ0EM97BB26etc1vo,1aVONoJ0EM97BB26etc1vo,Steve Reich,51,artist,spotify:artist:1aVONoJ0EM97BB26etc1vo,https://open.spotify.com/artist/1aVONoJ0EM97BB26etc1vo,NA,140289
https://api.spotify.com/v1/artists/69lxxQvsfAIoQbB20bEPFC,69lxxQvsfAIoQbB20bEPFC,Philip Glass,65,artist,spotify:artist:69lxxQvsfAIoQbB20bEPFC,https://open.spotify.com/artist/69lxxQvsfAIoQbB20bEPFC,NA,391623
https://api.spotify.com/v1/artists/3nZ3ed6p4CKc1McTLypr6H,3nZ3ed6p4CKc1McTLypr6H,Marconi Union,60,artist,spotify:artist:3nZ3ed6p4CKc1McTLypr6H,https://open.spotify.com/artist/3nZ3ed6p4CKc1McTLypr6H,NA,126934
https://api.spotify.com/v1/artists/2jbP92oFLWqPqogflK1wlW,2jbP92oFLWqPqogflK1wlW,Skream,53,artist,spotify:artist:2jbP92oFLWqPqogflK1wlW,https://open.spotify.com/artist/2jbP92oFLWqPqogflK1wlW,NA,87601
https://api.spotify.com/v1/artists/0bsV0sUjnCuCTYOnNHQl3E,0bsV0sUjnCuCTYOnNHQl3E,Julia Holter,46,artist,spotify:artist:0bsV0sUjnCuCTYOnNHQl3E,https://open.spotify.com/artist/0bsV0sUjnCuCTYOnNHQl3E,NA,84081
https://api.spotify.com/v1/artists/5vSQUyT33qxr1xAX2Tkf3A,5vSQUyT33qxr1xAX2Tkf3A,Clams Casino,65,artist,spotify:artist:5vSQUyT33qxr1xAX2Tkf3A,https://open.spotify.com/artist/5vSQUyT33qxr1xAX2Tkf3A,NA,140453
https://api.spotify.com/v1/artists/3KOHpygRuo1ruQAbEneR3t,3KOHpygRuo1ruQAbEneR3t,George FitzGerald,59,artist,spotify:artist:3KOHpygRuo1ruQAbEneR3t,https://open.spotify.com/artist/3KOHpygRuo1ruQAbEneR3t,NA,89514
https://api.spotify.com/v1/artists/4Sw0SFu1fFdYXdAEVdrqnO,4Sw0SFu1fFdYXdAEVdrqnO,Mount Eerie,46,artist,spotify:artist:4Sw0SFu1fFdYXdAEVdrqnO,https://open.spotify.com/artist/4Sw0SFu1fFdYXdAEVdrqnO,NA,80272
https://api.spotify.com/v1/artists/0WtTGUjbur1R1cNzBvbsMU,0WtTGUjbur1R1cNzBvbsMU,Broadcast,51,artist,spotify:artist:0WtTGUjbur1R1cNzBvbsMU,https://open.spotify.com/artist/0WtTGUjbur1R1cNzBvbsMU,NA,92590
https://api.spotify.com/v1/artists/38DX4hQVvPBs3PThDIAK11,38DX4hQVvPBs3PThDIAK11,Carbon Based Lifeforms,52,artist,spotify:artist:38DX4hQVvPBs3PThDIAK11,https://open.spotify.com/artist/38DX4hQVvPBs3PThDIAK11,NA,101744
https://api.spotify.com/v1/artists/0VOR7Ie9xUSb45fzIIVJQ1,0VOR7Ie9xUSb45fzIIVJQ1,Hammock,59,artist,spotify:artist:0VOR7Ie9xUSb45fzIIVJQ1,https://open.spotify.com/artist/0VOR7Ie9xUSb45fzIIVJQ1,NA,126674
https://api.spotify.com/v1/artists/02uPe16VFxPaiueQsPEDkE,02uPe16VFxPaiueQsPEDkE,The Album Leaf,53,artist,spotify:artist:02uPe16VFxPaiueQsPEDkE,https://open.spotify.com/artist/02uPe16VFxPaiueQsPEDkE,NA,125991
https://api.spotify.com/v1/artists/1U0FaHAc4fcwQcYEJFgkm9,1U0FaHAc4fcwQcYEJFgkm9,Balmorhea,56,artist,spotify:artist:1U0FaHAc4fcwQcYEJFgkm9,https://open.spotify.com/artist/1U0FaHAc4fcwQcYEJFgkm9,NA,114809
https://api.spotify.com/v1/artists/3VRvi42U8SsiT4YKP5LNCB,3VRvi42U8SsiT4YKP5LNCB,Extrawelt,46,artist,spotify:artist:3VRvi42U8SsiT4YKP5LNCB,https://open.spotify.com/artist/3VRvi42U8SsiT4YKP5LNCB,NA,102168
https://api.spotify.com/v1/artists/27LGatz1m8aJ7ZaVVWEphc,27LGatz1m8aJ7ZaVVWEphc,Gui Boratto,50,artist,spotify:artist:27LGatz1m8aJ7ZaVVWEphc,https://open.spotify.com/artist/27LGatz1m8aJ7ZaVVWEphc,NA,111164
https://api.spotify.com/v1/artists/4GcpBLY8g8NrmimWbssM26,4GcpBLY8g8NrmimWbssM26,Mndsgn,53,artist,spotify:artist:4GcpBLY8g8NrmimWbssM26,https://open.spotify.com/artist/4GcpBLY8g8NrmimWbssM26,NA,91127
https://api.spotify.com/v1/artists/17Zu03OgBVxgLxWmRUyNOJ,17Zu03OgBVxgLxWmRUyNOJ,Knxwledge,65,artist,spotify:artist:17Zu03OgBVxgLxWmRUyNOJ,https://open.spotify.com/artist/17Zu03OgBVxgLxWmRUyNOJ,NA,99077
https://api.spotify.com/v1/artists/5LhTec3c7dcqBvpLRWbMcf,5LhTec3c7dcqBvpLRWbMcf,Madlib,66,artist,spotify:artist:5LhTec3c7dcqBvpLRWbMcf,https://open.spotify.com/artist/5LhTec3c7dcqBvpLRWbMcf,NA,213757
https://api.spotify.com/v1/artists/6C403AR4y6PjN0xNNGh42m,6C403AR4y6PjN0xNNGh42m,Shabazz Palaces,44,artist,spotify:artist:6C403AR4y6PjN0xNNGh42m,https://open.spotify.com/artist/6C403AR4y6PjN0xNNGh42m,NA,89568
https://api.spotify.com/v1/artists/1rJkz5vopfGxTUGFNB3o4G,1rJkz5vopfGxTUGFNB3o4G,Quasimoto,53,artist,spotify:artist:1rJkz5vopfGxTUGFNB3o4G,https://open.spotify.com/artist/1rJkz5vopfGxTUGFNB3o4G,NA,145666
https://api.spotify.com/v1/artists/0IVcLMMbm05VIjnzPkGCyp,0IVcLMMbm05VIjnzPkGCyp,J Dilla,61,artist,spotify:artist:0IVcLMMbm05VIjnzPkGCyp,https://open.spotify.com/artist/0IVcLMMbm05VIjnzPkGCyp,NA,372147
https://api.spotify.com/v1/artists/2aoFQUeHD1U7pL098lRsDU,2aoFQUeHD1U7pL098lRsDU,Madvillain,68,artist,spotify:artist:2aoFQUeHD1U7pL098lRsDU,https://open.spotify.com/artist/2aoFQUeHD1U7pL098lRsDU,NA,263697
https://api.spotify.com/v1/artists/1DXylZlWbVvlckNqwvjTEt,1DXylZlWbVvlckNqwvjTEt,Ministry,53,artist,spotify:artist:1DXylZlWbVvlckNqwvjTEt,https://open.spotify.com/artist/1DXylZlWbVvlckNqwvjTEt,NA,274980
https://api.spotify.com/v1/artists/3V4IvzRQYP5mzuVtkcHgVa,3V4IvzRQYP5mzuVtkcHgVa,KMFDM,51,artist,spotify:artist:3V4IvzRQYP5mzuVtkcHgVa,https://open.spotify.com/artist/3V4IvzRQYP5mzuVtkcHgVa,NA,148878
https://api.spotify.com/v1/artists/7KomCxZv6D5qCVvefwMnwB,7KomCxZv6D5qCVvefwMnwB,Einstürzende Neubauten,45,artist,spotify:artist:7KomCxZv6D5qCVvefwMnwB,https://open.spotify.com/artist/7KomCxZv6D5qCVvefwMnwB,NA,99061
https://api.spotify.com/v1/artists/0Zy4ncr8h1jd7Nzr9946fD,0Zy4ncr8h1jd7Nzr9946fD,Killing Joke,53,artist,spotify:artist:0Zy4ncr8h1jd7Nzr9946fD,https://open.spotify.com/artist/0Zy4ncr8h1jd7Nzr9946fD,NA,163502
https://api.spotify.com/v1/artists/6uVeWolwyRDrT84lLsaZyW,6uVeWolwyRDrT84lLsaZyW,Suicide,49,artist,spotify:artist:6uVeWolwyRDrT84lLsaZyW,https://open.spotify.com/artist/6uVeWolwyRDrT84lLsaZyW,NA,91029
https://api.spotify.com/v1/artists/0m5XJwKGYyUjd3VMfcINCQ,0m5XJwKGYyUjd3VMfcINCQ,Shpongle,50,artist,spotify:artist:0m5XJwKGYyUjd3VMfcINCQ,https://open.spotify.com/artist/0m5XJwKGYyUjd3VMfcINCQ,NA,174020
https://api.spotify.com/v1/artists/5KNQvpxpsSUsL8Mon7SjYn,5KNQvpxpsSUsL8Mon7SjYn,Karsh Kale,44,artist,spotify:artist:5KNQvpxpsSUsL8Mon7SjYn,https://open.spotify.com/artist/5KNQvpxpsSUsL8Mon7SjYn,NA,93394
https://api.spotify.com/v1/artists/4YrKBkKSVeqDamzBPWVnSJ,4YrKBkKSVeqDamzBPWVnSJ,Basement Jaxx,59,artist,spotify:artist:4YrKBkKSVeqDamzBPWVnSJ,https://open.spotify.com/artist/4YrKBkKSVeqDamzBPWVnSJ,NA,357495
https://api.spotify.com/v1/artists/4sf3QZW8a3xZ14IGsOAzoy,4sf3QZW8a3xZ14IGsOAzoy,Cassius,55,artist,spotify:artist:4sf3QZW8a3xZ14IGsOAzoy,https://open.spotify.com/artist/4sf3QZW8a3xZ14IGsOAzoy,NA,136873
https://api.spotify.com/v1/artists/5nPOO9iTcrs9k6yFffPxjH,5nPOO9iTcrs9k6yFffPxjH,Röyksopp,63,artist,spotify:artist:5nPOO9iTcrs9k6yFffPxjH,https://open.spotify.com/artist/5nPOO9iTcrs9k6yFffPxjH,NA,582261
https://api.spotify.com/v1/artists/43mWhBXSflupNLuNjM5vff,43mWhBXSflupNLuNjM5vff,Soulwax,55,artist,spotify:artist:43mWhBXSflupNLuNjM5vff,https://open.spotify.com/artist/43mWhBXSflupNLuNjM5vff,NA,167292
https://api.spotify.com/v1/artists/31DXlldabwPHwu6dYevuzK,31DXlldabwPHwu6dYevuzK,Simian Mobile Disco,46,artist,spotify:artist:31DXlldabwPHwu6dYevuzK,https://open.spotify.com/artist/31DXlldabwPHwu6dYevuzK,NA,131895
https://api.spotify.com/v1/artists/6FXMGgJwohJLUSr5nVlf9X,6FXMGgJwohJLUSr5nVlf9X,Massive Attack,67,artist,spotify:artist:6FXMGgJwohJLUSr5nVlf9X,https://open.spotify.com/artist/6FXMGgJwohJLUSr5nVlf9X,NA,1354261
https://api.spotify.com/v1/artists/6bWxFw65IEJzBYjx3SxUXd,6bWxFw65IEJzBYjx3SxUXd,Morcheeba,61,artist,spotify:artist:6bWxFw65IEJzBYjx3SxUXd,https://open.spotify.com/artist/6bWxFw65IEJzBYjx3SxUXd,NA,509442
https://api.spotify.com/v1/artists/4aaBjq7VqqQvpSF69GglvO,4aaBjq7VqqQvpSF69GglvO,Moloko,57,artist,spotify:artist:4aaBjq7VqqQvpSF69GglvO,https://open.spotify.com/artist/4aaBjq7VqqQvpSF69GglvO,NA,263555
https://api.spotify.com/v1/artists/08YvZ2qzFrDSITfHLbPKMP,08YvZ2qzFrDSITfHLbPKMP,Lamb,49,artist,spotify:artist:08YvZ2qzFrDSITfHLbPKMP,https://open.spotify.com/artist/08YvZ2qzFrDSITfHLbPKMP,NA,158862
https://api.spotify.com/v1/artists/3OsRAKCvk37zwYcnzRf5XF,3OsRAKCvk37zwYcnzRf5XF,Moby,72,artist,spotify:artist:3OsRAKCvk37zwYcnzRf5XF,https://open.spotify.com/artist/3OsRAKCvk37zwYcnzRf5XF,NA,1152139
https://api.spotify.com/v1/artists/6hhA8TKRNryM8FNzqCqdDO,6hhA8TKRNryM8FNzqCqdDO,Tricky,55,artist,spotify:artist:6hhA8TKRNryM8FNzqCqdDO,https://open.spotify.com/artist/6hhA8TKRNryM8FNzqCqdDO,NA,288344
https://api.spotify.com/v1/artists/1EJWNhiYbOyeUHbsS7Kp1P,1EJWNhiYbOyeUHbsS7Kp1P,Sneaker Pimps,49,artist,spotify:artist:1EJWNhiYbOyeUHbsS7Kp1P,https://open.spotify.com/artist/1EJWNhiYbOyeUHbsS7Kp1P,NA,145997
https://api.spotify.com/v1/artists/30uiS1n3uIGXJEYFR1GVDy,30uiS1n3uIGXJEYFR1GVDy,The Brian Jonestown Massacre,58,artist,spotify:artist:30uiS1n3uIGXJEYFR1GVDy,https://open.spotify.com/artist/30uiS1n3uIGXJEYFR1GVDy,NA,210784
https://api.spotify.com/v1/artists/1WHoAjAWGx5qLsgzpaOk7W,1WHoAjAWGx5qLsgzpaOk7W,Hercules & Love Affair,53,artist,spotify:artist:1WHoAjAWGx5qLsgzpaOk7W,https://open.spotify.com/artist/1WHoAjAWGx5qLsgzpaOk7W,NA,134930
https://api.spotify.com/v1/artists/3qwabfaWewpfli7hMNM3O8,3qwabfaWewpfli7hMNM3O8,Róisín Murphy,56,artist,spotify:artist:3qwabfaWewpfli7hMNM3O8,https://open.spotify.com/artist/3qwabfaWewpfli7hMNM3O8,NA,165571
https://api.spotify.com/v1/artists/50Lr1puweM1hFsF1LpIZLM,50Lr1puweM1hFsF1LpIZLM,WhoMadeWho,54,artist,spotify:artist:50Lr1puweM1hFsF1LpIZLM,https://open.spotify.com/artist/50Lr1puweM1hFsF1LpIZLM,NA,88796
https://api.spotify.com/v1/artists/3QhNv79NoIvarU6N57GBzL,3QhNv79NoIvarU6N57GBzL,Miss Kittin,50,artist,spotify:artist:3QhNv79NoIvarU6N57GBzL,https://open.spotify.com/artist/3QhNv79NoIvarU6N57GBzL,NA,90568
https://api.spotify.com/v1/artists/3aKCo8gLJfuPYtr88aWKjF,3aKCo8gLJfuPYtr88aWKjF,Télépopmusik,51,artist,spotify:artist:3aKCo8gLJfuPYtr88aWKjF,https://open.spotify.com/artist/3aKCo8gLJfuPYtr88aWKjF,NA,146905
https://api.spotify.com/v1/artists/5BKsn7SCN2XmbF7apdCpRS,5BKsn7SCN2XmbF7apdCpRS,Goldfrapp,56,artist,spotify:artist:5BKsn7SCN2XmbF7apdCpRS,https://open.spotify.com/artist/5BKsn7SCN2XmbF7apdCpRS,NA,375481
https://api.spotify.com/v1/artists/1Q776wzj2mrtXrNu3iH6nk,1Q776wzj2mrtXrNu3iH6nk,Archive,51,artist,spotify:artist:1Q776wzj2mrtXrNu3iH6nk,https://open.spotify.com/artist/1Q776wzj2mrtXrNu3iH6nk,NA,159079
https://api.spotify.com/v1/artists/3s398TKZNahAURRacx7oIT,3s398TKZNahAURRacx7oIT,Ian Brown,53,artist,spotify:artist:3s398TKZNahAURRacx7oIT,https://open.spotify.com/artist/3s398TKZNahAURRacx7oIT,NA,210336
https://api.spotify.com/v1/artists/5fScAXreYFnuqwOgBsJgSd,5fScAXreYFnuqwOgBsJgSd,The Charlatans,53,artist,spotify:artist:5fScAXreYFnuqwOgBsJgSd,https://open.spotify.com/artist/5fScAXreYFnuqwOgBsJgSd,NA,220780
https://api.spotify.com/v1/artists/1lYT0A0LV5DUfxr6doRP3d,1lYT0A0LV5DUfxr6doRP3d,The Stone Roses,65,artist,spotify:artist:1lYT0A0LV5DUfxr6doRP3d,https://open.spotify.com/artist/1lYT0A0LV5DUfxr6doRP3d,NA,889447
https://api.spotify.com/v1/artists/0sHeX8oQ6o7xic3wMf4NBU,0sHeX8oQ6o7xic3wMf4NBU,Supergrass,62,artist,spotify:artist:0sHeX8oQ6o7xic3wMf4NBU,https://open.spotify.com/artist/0sHeX8oQ6o7xic3wMf4NBU,NA,338379
https://api.spotify.com/v1/artists/47Z8LEl3LnQkcpva0xSthT,47Z8LEl3LnQkcpva0xSthT,The La's,57,artist,spotify:artist:47Z8LEl3LnQkcpva0xSthT,https://open.spotify.com/artist/47Z8LEl3LnQkcpva0xSthT,NA,113239
https://api.spotify.com/v1/artists/5vIOGcdmx1eIkq3ZtuS12U,5vIOGcdmx1eIkq3ZtuS12U,Ocean Colour Scene,54,artist,spotify:artist:5vIOGcdmx1eIkq3ZtuS12U,https://open.spotify.com/artist/5vIOGcdmx1eIkq3ZtuS12U,NA,257713
https://api.spotify.com/v1/artists/36E7oYfz3LLRto6l2WmDcD,36E7oYfz3LLRto6l2WmDcD,Pulp,63,artist,spotify:artist:36E7oYfz3LLRto6l2WmDcD,https://open.spotify.com/artist/36E7oYfz3LLRto6l2WmDcD,NA,512012
https://api.spotify.com/v1/artists/2uH0RyPcX7fnCcT90HFDQX,2uH0RyPcX7fnCcT90HFDQX,Manic Street Preachers,60,artist,spotify:artist:2uH0RyPcX7fnCcT90HFDQX,https://open.spotify.com/artist/2uH0RyPcX7fnCcT90HFDQX,NA,413316
https://api.spotify.com/v1/artists/0LVrQUinPUBFvVD5pLqmWY,0LVrQUinPUBFvVD5pLqmWY,Doves,53,artist,spotify:artist:0LVrQUinPUBFvVD5pLqmWY,https://open.spotify.com/artist/0LVrQUinPUBFvVD5pLqmWY,NA,167505
https://api.spotify.com/v1/artists/2cGwlqi3k18jFpUyTrsR84,2cGwlqi3k18jFpUyTrsR84,The Verve,69,artist,spotify:artist:2cGwlqi3k18jFpUyTrsR84,https://open.spotify.com/artist/2cGwlqi3k18jFpUyTrsR84,NA,1335332
https://api.spotify.com/v1/artists/6bGcpvHbRHg8s0wiNyIZK1,6bGcpvHbRHg8s0wiNyIZK1,Kula Shaker,48,artist,spotify:artist:6bGcpvHbRHg8s0wiNyIZK1,https://open.spotify.com/artist/6bGcpvHbRHg8s0wiNyIZK1,NA,134438
https://api.spotify.com/v1/artists/0qLNsNKm8bQcMoRFkR8Hmh,0qLNsNKm8bQcMoRFkR8Hmh,James,62,artist,spotify:artist:0qLNsNKm8bQcMoRFkR8Hmh,https://open.spotify.com/artist/0qLNsNKm8bQcMoRFkR8Hmh,NA,320156
https://api.spotify.com/v1/artists/0vBDEQ1aLZpe4zgn2fPH6Z,0vBDEQ1aLZpe4zgn2fPH6Z,Cast,47,artist,spotify:artist:0vBDEQ1aLZpe4zgn2fPH6Z,https://open.spotify.com/artist/0vBDEQ1aLZpe4zgn2fPH6Z,NA,87763
https://api.spotify.com/v1/artists/3iejrAcqxYoVgyxp6zkWgs,3iejrAcqxYoVgyxp6zkWgs,Shed Seven,49,artist,spotify:artist:3iejrAcqxYoVgyxp6zkWgs,https://open.spotify.com/artist/3iejrAcqxYoVgyxp6zkWgs,NA,83504
https://api.spotify.com/v1/artists/1HGTHrRQkw0BtevSo1jucU,1HGTHrRQkw0BtevSo1jucU,Richard Ashcroft,53,artist,spotify:artist:1HGTHrRQkw0BtevSo1jucU,https://open.spotify.com/artist/1HGTHrRQkw0BtevSo1jucU,NA,253091
https://api.spotify.com/v1/artists/01xiB0IlXMXy3wrrotgDnU,01xiB0IlXMXy3wrrotgDnU,Clint Mansell,56,artist,spotify:artist:01xiB0IlXMXy3wrrotgDnU,https://open.spotify.com/artist/01xiB0IlXMXy3wrrotgDnU,NA,112516
https://api.spotify.com/v1/artists/2Eg0o1Mok66akOkuOiGdEv,2Eg0o1Mok66akOkuOiGdEv,Zack Hemsey,57,artist,spotify:artist:2Eg0o1Mok66akOkuOiGdEv,https://open.spotify.com/artist/2Eg0o1Mok66akOkuOiGdEv,NA,99087
https://api.spotify.com/v1/artists/6596yDTd94cIC3dlBptxDH,6596yDTd94cIC3dlBptxDH,Waldeck,53,artist,spotify:artist:6596yDTd94cIC3dlBptxDH,https://open.spotify.com/artist/6596yDTd94cIC3dlBptxDH,NA,94068
https://api.spotify.com/v1/artists/13ccXrK7AmXb4TddMkE7jy,13ccXrK7AmXb4TddMkE7jy,Everything But The Girl,60,artist,spotify:artist:13ccXrK7AmXb4TddMkE7jy,https://open.spotify.com/artist/13ccXrK7AmXb4TddMkE7jy,NA,176881
https://api.spotify.com/v1/artists/5PYuBRQMHh7nWmdV076sH9,5PYuBRQMHh7nWmdV076sH9,Heaven 17,46,artist,spotify:artist:5PYuBRQMHh7nWmdV076sH9,https://open.spotify.com/artist/5PYuBRQMHh7nWmdV076sH9,NA,134302
https://api.spotify.com/v1/artists/1aX2dmV8XoHYCOQRxjPESG,1aX2dmV8XoHYCOQRxjPESG,The Human League,63,artist,spotify:artist:1aX2dmV8XoHYCOQRxjPESG,https://open.spotify.com/artist/1aX2dmV8XoHYCOQRxjPESG,NA,592833
https://api.spotify.com/v1/artists/1G1mX30GpUJqOr1QU2eBSs,1G1mX30GpUJqOr1QU2eBSs,Yazoo,59,artist,spotify:artist:1G1mX30GpUJqOr1QU2eBSs,https://open.spotify.com/artist/1G1mX30GpUJqOr1QU2eBSs,NA,280193
https://api.spotify.com/v1/artists/2s79xe5F6eUQkjwjww27Fh,2s79xe5F6eUQkjwjww27Fh,ABC,54,artist,spotify:artist:2s79xe5F6eUQkjwjww27Fh,https://open.spotify.com/artist/2s79xe5F6eUQkjwjww27Fh,NA,200537
https://api.spotify.com/v1/artists/0EPf9vAXPdFV5Ezp1sMX8B,0EPf9vAXPdFV5Ezp1sMX8B,Visage,49,artist,spotify:artist:0EPf9vAXPdFV5Ezp1sMX8B,https://open.spotify.com/artist/0EPf9vAXPdFV5Ezp1sMX8B,NA,108254
https://api.spotify.com/v1/artists/2VZNmg4vCnew4Pavo8zDdW,2VZNmg4vCnew4Pavo8zDdW,Max Richter,76,artist,spotify:artist:2VZNmg4vCnew4Pavo8zDdW,https://open.spotify.com/artist/2VZNmg4vCnew4Pavo8zDdW,NA,447400
https://api.spotify.com/v1/artists/3IpQziA6YwD53PQ5xbwgLF,3IpQziA6YwD53PQ5xbwgLF,Jóhann Jóhannsson,64,artist,spotify:artist:3IpQziA6YwD53PQ5xbwgLF,https://open.spotify.com/artist/3IpQziA6YwD53PQ5xbwgLF,NA,146455
https://api.spotify.com/v1/artists/6UEYawMcp2M4JFoXVOtZEq,6UEYawMcp2M4JFoXVOtZEq,Dustin O'Halloran,62,artist,spotify:artist:6UEYawMcp2M4JFoXVOtZEq,https://open.spotify.com/artist/6UEYawMcp2M4JFoXVOtZEq,NA,117751
https://api.spotify.com/v1/artists/5Wabl1lPdNOeIn0SQ5A1mp,5Wabl1lPdNOeIn0SQ5A1mp,Cocteau Twins,60,artist,spotify:artist:5Wabl1lPdNOeIn0SQ5A1mp,https://open.spotify.com/artist/5Wabl1lPdNOeIn0SQ5A1mp,NA,289041
https://api.spotify.com/v1/artists/4l8xPGtl6DHR2uvunqrl8r,4l8xPGtl6DHR2uvunqrl8r,CAN,55,artist,spotify:artist:4l8xPGtl6DHR2uvunqrl8r,https://open.spotify.com/artist/4l8xPGtl6DHR2uvunqrl8r,NA,165166
https://api.spotify.com/v1/artists/1BGN1IdyiSR0ZYrkoKNchl,1BGN1IdyiSR0ZYrkoKNchl,Tangerine Dream,52,artist,spotify:artist:1BGN1IdyiSR0ZYrkoKNchl,https://open.spotify.com/artist/1BGN1IdyiSR0ZYrkoKNchl,NA,167852
https://api.spotify.com/v1/artists/7MqnCTCAX6SsIYYdJCQj9B,7MqnCTCAX6SsIYYdJCQj9B,Pendulum,64,artist,spotify:artist:7MqnCTCAX6SsIYYdJCQj9B,https://open.spotify.com/artist/7MqnCTCAX6SsIYYdJCQj9B,NA,688925
https://api.spotify.com/v1/artists/4YWj8sohRDjL9deiuRvEEY,4YWj8sohRDjL9deiuRvEEY,Noisia,54,artist,spotify:artist:4YWj8sohRDjL9deiuRvEEY,https://open.spotify.com/artist/4YWj8sohRDjL9deiuRvEEY,NA,196068
https://api.spotify.com/v1/artists/0bxHci3JIhhKA53n8rH3tT,0bxHci3JIhhKA53n8rH3tT,High Contrast,58,artist,spotify:artist:0bxHci3JIhhKA53n8rH3tT,https://open.spotify.com/artist/0bxHci3JIhhKA53n8rH3tT,NA,127336
https://api.spotify.com/v1/artists/3jNkaOXasoc7RsxdchvEVq,3jNkaOXasoc7RsxdchvEVq,Chase & Status,64,artist,spotify:artist:3jNkaOXasoc7RsxdchvEVq,https://open.spotify.com/artist/3jNkaOXasoc7RsxdchvEVq,NA,489281
https://api.spotify.com/v1/artists/6r20qOqY7qDWI0PPTxVMlC,6r20qOqY7qDWI0PPTxVMlC,DJ Fresh,62,artist,spotify:artist:6r20qOqY7qDWI0PPTxVMlC,https://open.spotify.com/artist/6r20qOqY7qDWI0PPTxVMlC,NA,248597
https://api.spotify.com/v1/artists/4BKyei61gtyDFxlKhcvBJJ,4BKyei61gtyDFxlKhcvBJJ,Celldweller,59,artist,spotify:artist:4BKyei61gtyDFxlKhcvBJJ,https://open.spotify.com/artist/4BKyei61gtyDFxlKhcvBJJ,NA,166507
https://api.spotify.com/v1/artists/3cQA9WH8liZfeja1DxcDYE,3cQA9WH8liZfeja1DxcDYE,Armand Van Helden,64,artist,spotify:artist:3cQA9WH8liZfeja1DxcDYE,https://open.spotify.com/artist/3cQA9WH8liZfeja1DxcDYE,NA,147043
https://api.spotify.com/v1/artists/4ucW1LE5T7y7X4jlaKCeVo,4ucW1LE5T7y7X4jlaKCeVo,Dub FX,50,artist,spotify:artist:4ucW1LE5T7y7X4jlaKCeVo,https://open.spotify.com/artist/4ucW1LE5T7y7X4jlaKCeVo,NA,155269
https://api.spotify.com/v1/artists/7krx6UBDKLwE0q3s3fesqF,7krx6UBDKLwE0q3s3fesqF,C & C Music Factory,56,artist,spotify:artist:7krx6UBDKLwE0q3s3fesqF,https://open.spotify.com/artist/7krx6UBDKLwE0q3s3fesqF,NA,117609
https://api.spotify.com/v1/artists/2Cd98zHVdZeOCisc6Gi2sB,2Cd98zHVdZeOCisc6Gi2sB,Technotronic,59,artist,spotify:artist:2Cd98zHVdZeOCisc6Gi2sB,https://open.spotify.com/artist/2Cd98zHVdZeOCisc6Gi2sB,NA,138469
https://api.spotify.com/v1/artists/18JD8DVlD1fakDAw7E9LFC,18JD8DVlD1fakDAw7E9LFC,2 Unlimited,57,artist,spotify:artist:18JD8DVlD1fakDAw7E9LFC,https://open.spotify.com/artist/18JD8DVlD1fakDAw7E9LFC,NA,117146
https://api.spotify.com/v1/artists/2FrKQPjJe4pVMZOgm0ESOx,2FrKQPjJe4pVMZOgm0ESOx,SNAP!,62,artist,spotify:artist:2FrKQPjJe4pVMZOgm0ESOx,https://open.spotify.com/artist/2FrKQPjJe4pVMZOgm0ESOx,NA,106284
https://api.spotify.com/v1/artists/0BZ3BHzfYwpd3k5TDnvAz8,0BZ3BHzfYwpd3k5TDnvAz8,Culture Beat,59,artist,spotify:artist:0BZ3BHzfYwpd3k5TDnvAz8,https://open.spotify.com/artist/0BZ3BHzfYwpd3k5TDnvAz8,NA,81014
https://api.spotify.com/v1/artists/3JxCEqL9zjKnDJgUhRuRJD,3JxCEqL9zjKnDJgUhRuRJD,Neneh Cherry,55,artist,spotify:artist:3JxCEqL9zjKnDJgUhRuRJD,https://open.spotify.com/artist/3JxCEqL9zjKnDJgUhRuRJD,NA,96867
https://api.spotify.com/v1/artists/67YNiSqhrx1P8oPvIIvbP5,67YNiSqhrx1P8oPvIIvbP5,The Lightning Seeds,50,artist,spotify:artist:67YNiSqhrx1P8oPvIIvbP5,https://open.spotify.com/artist/67YNiSqhrx1P8oPvIIvbP5,NA,83763
https://api.spotify.com/v1/artists/0yNLKJebCb8Aueb54LYya3,0yNLKJebCb8Aueb54LYya3,New Order,70,artist,spotify:artist:0yNLKJebCb8Aueb54LYya3,https://open.spotify.com/artist/0yNLKJebCb8Aueb54LYya3,NA,1148016
https://api.spotify.com/v1/artists/7cKtqv9cYVlOwnuCFH95ce,7cKtqv9cYVlOwnuCFH95ce,The The,56,artist,spotify:artist:7cKtqv9cYVlOwnuCFH95ce,https://open.spotify.com/artist/7cKtqv9cYVlOwnuCFH95ce,NA,183023
https://api.spotify.com/v1/artists/2ycnb8Er79LoH2AsR5ldjh,2ycnb8Er79LoH2AsR5ldjh,Pet Shop Boys,70,artist,spotify:artist:2ycnb8Er79LoH2AsR5ldjh,https://open.spotify.com/artist/2ycnb8Er79LoH2AsR5ldjh,NA,956292
https://api.spotify.com/v1/artists/7wJ9NwdRWtN92NunmXuwBk,7wJ9NwdRWtN92NunmXuwBk,Orchestral Manoeuvres In The Dark,62,artist,spotify:artist:7wJ9NwdRWtN92NunmXuwBk,https://open.spotify.com/artist/7wJ9NwdRWtN92NunmXuwBk,NA,405179
https://api.spotify.com/v1/artists/6bJUzb3mLEYCkTAp7eNJgO,6bJUzb3mLEYCkTAp7eNJgO,Information Society,48,artist,spotify:artist:6bJUzb3mLEYCkTAp7eNJgO,https://open.spotify.com/artist/6bJUzb3mLEYCkTAp7eNJgO,NA,100084
https://api.spotify.com/v1/artists/7vPXrGlSGukcwpaPxUfKKR,7vPXrGlSGukcwpaPxUfKKR,Japan,48,artist,spotify:artist:7vPXrGlSGukcwpaPxUfKKR,https://open.spotify.com/artist/7vPXrGlSGukcwpaPxUfKKR,NA,113645
https://api.spotify.com/v1/artists/7wyBxBXLVLaiF2jxHCpvTe,7wyBxBXLVLaiF2jxHCpvTe,Koop,53,artist,spotify:artist:7wyBxBXLVLaiF2jxHCpvTe,https://open.spotify.com/artist/7wyBxBXLVLaiF2jxHCpvTe,NA,113274
https://api.spotify.com/v1/artists/5mMkUZv8uUrlH0SHX89BeS,5mMkUZv8uUrlH0SHX89BeS,Guts,61,artist,spotify:artist:5mMkUZv8uUrlH0SHX89BeS,https://open.spotify.com/artist/5mMkUZv8uUrlH0SHX89BeS,NA,131727
https://api.spotify.com/v1/artists/6liAMWkVf5LH7YR9yfFy1Y,6liAMWkVf5LH7YR9yfFy1Y,Portishead,63,artist,spotify:artist:6liAMWkVf5LH7YR9yfFy1Y,https://open.spotify.com/artist/6liAMWkVf5LH7YR9yfFy1Y,NA,1127520
https://api.spotify.com/v1/artists/4sSSkVtrCTzENCgm2vokiY,4sSSkVtrCTzENCgm2vokiY,Roots Manuva,55,artist,spotify:artist:4sSSkVtrCTzENCgm2vokiY,https://open.spotify.com/artist/4sSSkVtrCTzENCgm2vokiY,NA,103505
https://api.spotify.com/v1/artists/3pkmfqaBNsMqnXus05PNfP,3pkmfqaBNsMqnXus05PNfP,Handsome Boy Modeling School,48,artist,spotify:artist:3pkmfqaBNsMqnXus05PNfP,https://open.spotify.com/artist/3pkmfqaBNsMqnXus05PNfP,NA,88182
https://api.spotify.com/v1/artists/2efzHZrUGhawnSOTpyAHOQ,2efzHZrUGhawnSOTpyAHOQ,Deltron 3030,50,artist,spotify:artist:2efzHZrUGhawnSOTpyAHOQ,https://open.spotify.com/artist/2efzHZrUGhawnSOTpyAHOQ,NA,142412
https://api.spotify.com/v1/artists/42Np3r8zXnaKcjLQsQSjyG,42Np3r8zXnaKcjLQsQSjyG,Blackalicious,51,artist,spotify:artist:42Np3r8zXnaKcjLQsQSjyG,https://open.spotify.com/artist/42Np3r8zXnaKcjLQsQSjyG,NA,121028
https://api.spotify.com/v1/artists/0YsLR3SQd5QTXAhGIGX7cl,0YsLR3SQd5QTXAhGIGX7cl,Del The Funky Homosapien,57,artist,spotify:artist:0YsLR3SQd5QTXAhGIGX7cl,https://open.spotify.com/artist/0YsLR3SQd5QTXAhGIGX7cl,NA,173767
https://api.spotify.com/v1/artists/6vgw0jwJkUnW2NR1rzsQU3,6vgw0jwJkUnW2NR1rzsQU3,Chinese Man,57,artist,spotify:artist:6vgw0jwJkUnW2NR1rzsQU3,https://open.spotify.com/artist/6vgw0jwJkUnW2NR1rzsQU3,NA,278232
https://api.spotify.com/v1/artists/4e7qJTThm5uI3CplqZObfT,4e7qJTThm5uI3CplqZObfT,Birdy Nam Nam,55,artist,spotify:artist:4e7qJTThm5uI3CplqZObfT,https://open.spotify.com/artist/4e7qJTThm5uI3CplqZObfT,NA,100905
https://api.spotify.com/v1/artists/57UnSUpae3SbRekxNa5Kgl,57UnSUpae3SbRekxNa5Kgl,El-P,47,artist,spotify:artist:57UnSUpae3SbRekxNa5Kgl,https://open.spotify.com/artist/57UnSUpae3SbRekxNa5Kgl,NA,104714
https://api.spotify.com/v1/artists/3C8RpaI3Go0yFF9whvKoED,3C8RpaI3Go0yFF9whvKoED,The Avalanches,61,artist,spotify:artist:3C8RpaI3Go0yFF9whvKoED,https://open.spotify.com/artist/3C8RpaI3Go0yFF9whvKoED,NA,277768
https://api.spotify.com/v1/artists/4iVhFmG8YCCEHANGeUUS9q,4iVhFmG8YCCEHANGeUUS9q,Pretty Lights,59,artist,spotify:artist:4iVhFmG8YCCEHANGeUUS9q,https://open.spotify.com/artist/4iVhFmG8YCCEHANGeUUS9q,NA,497125
https://api.spotify.com/v1/artists/0XTSrpKEUhzQ5aiYswppxh,0XTSrpKEUhzQ5aiYswppxh,Hieroglyphics,49,artist,spotify:artist:0XTSrpKEUhzQ5aiYswppxh,https://open.spotify.com/artist/0XTSrpKEUhzQ5aiYswppxh,NA,124256
https://api.spotify.com/v1/artists/7sYipTRgDXS2JVOPEhRutx,7sYipTRgDXS2JVOPEhRutx,Portico Quartet,55,artist,spotify:artist:7sYipTRgDXS2JVOPEhRutx,https://open.spotify.com/artist/7sYipTRgDXS2JVOPEhRutx,NA,100605
https://api.spotify.com/v1/artists/179BpmLkQCRIoU68Co80f5,179BpmLkQCRIoU68Co80f5,Gramatik,62,artist,spotify:artist:179BpmLkQCRIoU68Co80f5,https://open.spotify.com/artist/179BpmLkQCRIoU68Co80f5,NA,538040
https://api.spotify.com/v1/artists/5oOhM2DFWab8XhSdQiITry,5oOhM2DFWab8XhSdQiITry,Tycho,66,artist,spotify:artist:5oOhM2DFWab8XhSdQiITry,https://open.spotify.com/artist/5oOhM2DFWab8XhSdQiITry,NA,555121
https://api.spotify.com/v1/artists/30DZgkaEYdezg2QMrMgrnm,30DZgkaEYdezg2QMrMgrnm,Beats Antique,46,artist,spotify:artist:30DZgkaEYdezg2QMrMgrnm,https://open.spotify.com/artist/30DZgkaEYdezg2QMrMgrnm,NA,147426
https://api.spotify.com/v1/artists/3WggbHDpj4rPKbL97zG5MQ,3WggbHDpj4rPKbL97zG5MQ,Tortoise,43,artist,spotify:artist:3WggbHDpj4rPKbL97zG5MQ,https://open.spotify.com/artist/3WggbHDpj4rPKbL97zG5MQ,NA,84387
https://api.spotify.com/v1/artists/19f2JXwlRU26376TCKmp6L,19f2JXwlRU26376TCKmp6L,GoGo Penguin,52,artist,spotify:artist:19f2JXwlRU26376TCKmp6L,https://open.spotify.com/artist/19f2JXwlRU26376TCKmp6L,NA,126618
https://api.spotify.com/v1/artists/1soJ22UMyjIw6SYFtoFJwe,1soJ22UMyjIw6SYFtoFJwe,Tipper,49,artist,spotify:artist:1soJ22UMyjIw6SYFtoFJwe,https://open.spotify.com/artist/1soJ22UMyjIw6SYFtoFJwe,NA,104996
https://api.spotify.com/v1/artists/3a9qv6NLHnsVxJUtKOMHvD,3a9qv6NLHnsVxJUtKOMHvD,The Glitch Mob,65,artist,spotify:artist:3a9qv6NLHnsVxJUtKOMHvD,https://open.spotify.com/artist/3a9qv6NLHnsVxJUtKOMHvD,NA,483440
https://api.spotify.com/v1/artists/1NCLweIUpq8knzemBwAwoo,1NCLweIUpq8knzemBwAwoo,KOAN Sound,44,artist,spotify:artist:1NCLweIUpq8knzemBwAwoo,https://open.spotify.com/artist/1NCLweIUpq8knzemBwAwoo,NA,85543
https://api.spotify.com/v1/artists/4BTcOR2hEQZQQL5AMo5u10,4BTcOR2hEQZQQL5AMo5u10,Rusko,52,artist,spotify:artist:4BTcOR2hEQZQQL5AMo5u10,https://open.spotify.com/artist/4BTcOR2hEQZQQL5AMo5u10,NA,247492
https://api.spotify.com/v1/artists/5FKchcZpQOkqFvXBj1aCvb,5FKchcZpQOkqFvXBj1aCvb,Excision,66,artist,spotify:artist:5FKchcZpQOkqFvXBj1aCvb,https://open.spotify.com/artist/5FKchcZpQOkqFvXBj1aCvb,NA,511459
https://api.spotify.com/v1/artists/2eIDAcLKnWc4D350YyzvgS,2eIDAcLKnWc4D350YyzvgS,Jeff Mills,36,artist,spotify:artist:2eIDAcLKnWc4D350YyzvgS,https://open.spotify.com/artist/2eIDAcLKnWc4D350YyzvgS,NA,86774
https://api.spotify.com/v1/artists/2cbWJP4X5b9sKEDW80uc5r,2cbWJP4X5b9sKEDW80uc5r,Diablo Swing Orchestra,44,artist,spotify:artist:2cbWJP4X5b9sKEDW80uc5r,https://open.spotify.com/artist/2cbWJP4X5b9sKEDW80uc5r,NA,88370
https://api.spotify.com/v1/artists/6yCjbLFZ9qAnWfsy9ujm5Y,6yCjbLFZ9qAnWfsy9ujm5Y,Zeal & Ardor,48,artist,spotify:artist:6yCjbLFZ9qAnWfsy9ujm5Y,https://open.spotify.com/artist/6yCjbLFZ9qAnWfsy9ujm5Y,NA,81533
https://api.spotify.com/v1/artists/6bYFkBNvayh3nGqxcPp7Sv,6bYFkBNvayh3nGqxcPp7Sv,Ulver,48,artist,spotify:artist:6bYFkBNvayh3nGqxcPp7Sv,https://open.spotify.com/artist/6bYFkBNvayh3nGqxcPp7Sv,NA,88914
https://api.spotify.com/v1/artists/6MTByljF8u5omBltY2VKPU,6MTByljF8u5omBltY2VKPU,Anoushka Shankar,50,artist,spotify:artist:6MTByljF8u5omBltY2VKPU,https://open.spotify.com/artist/6MTByljF8u5omBltY2VKPU,NA,122881
https://api.spotify.com/v1/artists/3EMSpwRtkvUTxfB4aS5xnA,3EMSpwRtkvUTxfB4aS5xnA,Battles,45,artist,spotify:artist:3EMSpwRtkvUTxfB4aS5xnA,https://open.spotify.com/artist/3EMSpwRtkvUTxfB4aS5xnA,NA,119974
https://api.spotify.com/v1/artists/1mmehjf7eHA10uHMisZGJg,1mmehjf7eHA10uHMisZGJg,!!!,49,artist,spotify:artist:1mmehjf7eHA10uHMisZGJg,https://open.spotify.com/artist/1mmehjf7eHA10uHMisZGJg,NA,112491
https://api.spotify.com/v1/artists/0XSqX2PB3C5dTMv7SZaxSm,0XSqX2PB3C5dTMv7SZaxSm,Wolf Parade,49,artist,spotify:artist:0XSqX2PB3C5dTMv7SZaxSm,https://open.spotify.com/artist/0XSqX2PB3C5dTMv7SZaxSm,NA,114464
https://api.spotify.com/v1/artists/066X20Nz7iquqkkCW6Jxy6,066X20Nz7iquqkkCW6Jxy6,LCD Soundsystem,65,artist,spotify:artist:066X20Nz7iquqkkCW6Jxy6,https://open.spotify.com/artist/066X20Nz7iquqkkCW6Jxy6,NA,713448
https://api.spotify.com/v1/artists/166Dz1GX3xonSQ3Z6CQW26,166Dz1GX3xonSQ3Z6CQW26,The Rapture,52,artist,spotify:artist:166Dz1GX3xonSQ3Z6CQW26,https://open.spotify.com/artist/166Dz1GX3xonSQ3Z6CQW26,NA,193341
https://api.spotify.com/v1/artists/54QMjE4toDfiCryzYWCpXX,54QMjE4toDfiCryzYWCpXX,Metronomy,66,artist,spotify:artist:54QMjE4toDfiCryzYWCpXX,https://open.spotify.com/artist/54QMjE4toDfiCryzYWCpXX,NA,698738
https://api.spotify.com/v1/artists/1qcU8NabUQ5efQf8UGW6CV,1qcU8NabUQ5efQf8UGW6CV,The Whitest Boy Alive,57,artist,spotify:artist:1qcU8NabUQ5efQf8UGW6CV,https://open.spotify.com/artist/1qcU8NabUQ5efQf8UGW6CV,NA,289583
https://api.spotify.com/v1/artists/2fBURuq7FrlH6z5F92mpOl,2fBURuq7FrlH6z5F92mpOl,Digitalism,55,artist,spotify:artist:2fBURuq7FrlH6z5F92mpOl,https://open.spotify.com/artist/2fBURuq7FrlH6z5F92mpOl,NA,249959
https://api.spotify.com/v1/artists/2Vhc7Y0Kc6HzMC6glKM4h6,2Vhc7Y0Kc6HzMC6glKM4h6,Holy Ghost!,47,artist,spotify:artist:2Vhc7Y0Kc6HzMC6glKM4h6,https://open.spotify.com/artist/2Vhc7Y0Kc6HzMC6glKM4h6,NA,85974
https://api.spotify.com/v1/artists/4EENT7N7rCBwrddM3s0vFS,4EENT7N7rCBwrddM3s0vFS,Cut Copy,54,artist,spotify:artist:4EENT7N7rCBwrddM3s0vFS,https://open.spotify.com/artist/4EENT7N7rCBwrddM3s0vFS,NA,259772
https://api.spotify.com/v1/artists/04HvbIwBccFmRie5ATX4ft,04HvbIwBccFmRie5ATX4ft,Yeasayer,51,artist,spotify:artist:04HvbIwBccFmRie5ATX4ft,https://open.spotify.com/artist/04HvbIwBccFmRie5ATX4ft,NA,179276
https://api.spotify.com/v1/artists/57anmI1X2hXWPrNagFdzZr,57anmI1X2hXWPrNagFdzZr,YACHT,45,artist,spotify:artist:57anmI1X2hXWPrNagFdzZr,https://open.spotify.com/artist/57anmI1X2hXWPrNagFdzZr,NA,94120
https://api.spotify.com/v1/artists/0Z5pcmXDCKTrFWLnDChC37,0Z5pcmXDCKTrFWLnDChC37,Miami Horror,56,artist,spotify:artist:0Z5pcmXDCKTrFWLnDChC37,https://open.spotify.com/artist/0Z5pcmXDCKTrFWLnDChC37,NA,197370
https://api.spotify.com/v1/artists/1O10apSOoAPjOu6UhUNmeI,1O10apSOoAPjOu6UhUNmeI,SBTRKT,57,artist,spotify:artist:1O10apSOoAPjOu6UhUNmeI,https://open.spotify.com/artist/1O10apSOoAPjOu6UhUNmeI,NA,569588
https://api.spotify.com/v1/artists/6O4EGCCb6DoIiR6B1QCQgp,6O4EGCCb6DoIiR6B1QCQgp,Toro y Moi,69,artist,spotify:artist:6O4EGCCb6DoIiR6B1QCQgp,https://open.spotify.com/artist/6O4EGCCb6DoIiR6B1QCQgp,NA,494254
https://api.spotify.com/v1/artists/53wZLCnhshZKDRs3uopFBc,53wZLCnhshZKDRs3uopFBc,Jai Paul,56,artist,spotify:artist:53wZLCnhshZKDRs3uopFBc,https://open.spotify.com/artist/53wZLCnhshZKDRs3uopFBc,NA,122291
https://api.spotify.com/v1/artists/6LEeAFiJF8OuPx747e1wxR,6LEeAFiJF8OuPx747e1wxR,Blood Orange,67,artist,spotify:artist:6LEeAFiJF8OuPx747e1wxR,https://open.spotify.com/artist/6LEeAFiJF8OuPx747e1wxR,NA,465367
https://api.spotify.com/v1/artists/34vLhockmYhf3LgznwyNaQ,34vLhockmYhf3LgznwyNaQ,POLIÇA,59,artist,spotify:artist:34vLhockmYhf3LgznwyNaQ,https://open.spotify.com/artist/34vLhockmYhf3LgznwyNaQ,NA,150840
https://api.spotify.com/v1/artists/6d1HqiWNEKV9zFqQM9WeYo,6d1HqiWNEKV9zFqQM9WeYo,Romare,56,artist,spotify:artist:6d1HqiWNEKV9zFqQM9WeYo,https://open.spotify.com/artist/6d1HqiWNEKV9zFqQM9WeYo,NA,91632
https://api.spotify.com/v1/artists/1xcMOgFUM1IYZE22YjCvsL,1xcMOgFUM1IYZE22YjCvsL,Tei Shi,55,artist,spotify:artist:1xcMOgFUM1IYZE22YjCvsL,https://open.spotify.com/artist/1xcMOgFUM1IYZE22YjCvsL,NA,101955
https://api.spotify.com/v1/artists/6kFay2DQ5aZfeu5OsrF3Pw,6kFay2DQ5aZfeu5OsrF3Pw,The Walkmen,51,artist,spotify:artist:6kFay2DQ5aZfeu5OsrF3Pw,https://open.spotify.com/artist/6kFay2DQ5aZfeu5OsrF3Pw,NA,137874
https://api.spotify.com/v1/artists/7lOJ7WXyopaxri0dbOiZkd,7lOJ7WXyopaxri0dbOiZkd,Broken Social Scene,56,artist,spotify:artist:7lOJ7WXyopaxri0dbOiZkd,https://open.spotify.com/artist/7lOJ7WXyopaxri0dbOiZkd,NA,259688
https://api.spotify.com/v1/artists/5VF0YkVLeVD4ytyiyVSIiF,5VF0YkVLeVD4ytyiyVSIiF,Dirty Projectors,55,artist,spotify:artist:5VF0YkVLeVD4ytyiyVSIiF,https://open.spotify.com/artist/5VF0YkVLeVD4ytyiyVSIiF,NA,198283
https://api.spotify.com/v1/artists/4mO4aGO6u29UyR6XLZR9XW,4mO4aGO6u29UyR6XLZR9XW,The New Pornographers,51,artist,spotify:artist:4mO4aGO6u29UyR6XLZR9XW,https://open.spotify.com/artist/4mO4aGO6u29UyR6XLZR9XW,NA,145659
https://api.spotify.com/v1/artists/5hAhrnb0Ch4ODwWu4tsbpi,5hAhrnb0Ch4ODwWu4tsbpi,Yo La Tengo,62,artist,spotify:artist:5hAhrnb0Ch4ODwWu4tsbpi,https://open.spotify.com/artist/5hAhrnb0Ch4ODwWu4tsbpi,NA,305588
https://api.spotify.com/v1/artists/6eO95BjZhrWHREMfwC4vVN,6eO95BjZhrWHREMfwC4vVN,Girls,42,artist,spotify:artist:6eO95BjZhrWHREMfwC4vVN,https://open.spotify.com/artist/6eO95BjZhrWHREMfwC4vVN,NA,92204
https://api.spotify.com/v1/artists/4oV5EVJ0XFWsJKoOvdRPvl,4oV5EVJ0XFWsJKoOvdRPvl,Guided By Voices,51,artist,spotify:artist:4oV5EVJ0XFWsJKoOvdRPvl,https://open.spotify.com/artist/4oV5EVJ0XFWsJKoOvdRPvl,NA,97245
https://api.spotify.com/v1/artists/6guTJsgPymDUVfqDJyz5UG,6guTJsgPymDUVfqDJyz5UG,Galaxie 500,49,artist,spotify:artist:6guTJsgPymDUVfqDJyz5UG,https://open.spotify.com/artist/6guTJsgPymDUVfqDJyz5UG,NA,89315
https://api.spotify.com/v1/artists/3kbBWco9PZ5eSQsNScwG6U,3kbBWco9PZ5eSQsNScwG6U,Built To Spill,54,artist,spotify:artist:3kbBWco9PZ5eSQsNScwG6U,https://open.spotify.com/artist/3kbBWco9PZ5eSQsNScwG6U,NA,177518
https://api.spotify.com/v1/artists/4kwxTgCKMipBKhSnEstNKj,4kwxTgCKMipBKhSnEstNKj,Animal Collective,57,artist,spotify:artist:4kwxTgCKMipBKhSnEstNKj,https://open.spotify.com/artist/4kwxTgCKMipBKhSnEstNKj,NA,374554
https://api.spotify.com/v1/artists/3kGhAL9j1WyNjNkWTRQd8T,3kGhAL9j1WyNjNkWTRQd8T,Atlas Sound,40,artist,spotify:artist:3kGhAL9j1WyNjNkWTRQd8T,https://open.spotify.com/artist/3kGhAL9j1WyNjNkWTRQd8T,NA,81746
https://api.spotify.com/v1/artists/5H0YoDsPDi9fObFmJtTjfN,5H0YoDsPDi9fObFmJtTjfN,Ariel Pink,61,artist,spotify:artist:5H0YoDsPDi9fObFmJtTjfN,https://open.spotify.com/artist/5H0YoDsPDi9fObFmJtTjfN,NA,234080
https://api.spotify.com/v1/artists/41SQP16hv1TioVYqdckmxT,41SQP16hv1TioVYqdckmxT,Real Estate,61,artist,spotify:artist:41SQP16hv1TioVYqdckmxT,https://open.spotify.com/artist/41SQP16hv1TioVYqdckmxT,NA,325728
https://api.spotify.com/v1/artists/4OrizGCKhOrW6iDDJHN9xd,4OrizGCKhOrW6iDDJHN9xd,DIIV,56,artist,spotify:artist:4OrizGCKhOrW6iDDJHN9xd,https://open.spotify.com/artist/4OrizGCKhOrW6iDDJHN9xd,NA,240392
https://api.spotify.com/v1/artists/3inCNiUr4R6XQ3W43s9Aqi,3inCNiUr4R6XQ3W43s9Aqi,Pavement,59,artist,spotify:artist:3inCNiUr4R6XQ3W43s9Aqi,https://open.spotify.com/artist/3inCNiUr4R6XQ3W43s9Aqi,NA,282269
https://api.spotify.com/v1/artists/4R073T3AVJKqAsbzLmLW9u,4R073T3AVJKqAsbzLmLW9u,John Maus,56,artist,spotify:artist:4R073T3AVJKqAsbzLmLW9u,https://open.spotify.com/artist/4R073T3AVJKqAsbzLmLW9u,NA,128439
https://api.spotify.com/v1/artists/3HJIB8sYPyxrFGuwvKXSLR,3HJIB8sYPyxrFGuwvKXSLR,TV On The Radio,60,artist,spotify:artist:3HJIB8sYPyxrFGuwvKXSLR,https://open.spotify.com/artist/3HJIB8sYPyxrFGuwvKXSLR,NA,427179
https://api.spotify.com/v1/artists/56ZTgzPBDge0OvCGgMO3OY,56ZTgzPBDge0OvCGgMO3OY,Beach House,68,artist,spotify:artist:56ZTgzPBDge0OvCGgMO3OY,https://open.spotify.com/artist/56ZTgzPBDge0OvCGgMO3OY,NA,919912
https://api.spotify.com/v1/artists/2iUVQjheBnvOt8vaBrxXJz,2iUVQjheBnvOt8vaBrxXJz,Cass McCombs,58,artist,spotify:artist:2iUVQjheBnvOt8vaBrxXJz,https://open.spotify.com/artist/2iUVQjheBnvOt8vaBrxXJz,NA,114256
https://api.spotify.com/v1/artists/5o8Wylae9k23IEJMIiwd8s,5o8Wylae9k23IEJMIiwd8s,The Antlers,49,artist,spotify:artist:5o8Wylae9k23IEJMIiwd8s,https://open.spotify.com/artist/5o8Wylae9k23IEJMIiwd8s,NA,164799
https://api.spotify.com/v1/artists/4EVpmkEwrLYEg6jIsiPMIb,4EVpmkEwrLYEg6jIsiPMIb,Fleet Foxes,67,artist,spotify:artist:4EVpmkEwrLYEg6jIsiPMIb,https://open.spotify.com/artist/4EVpmkEwrLYEg6jIsiPMIb,NA,958196
https://api.spotify.com/v1/artists/6dgwEwnK0YtDfS9XhRwBTG,6dgwEwnK0YtDfS9XhRwBTG,Broken Bells,62,artist,spotify:artist:6dgwEwnK0YtDfS9XhRwBTG,https://open.spotify.com/artist/6dgwEwnK0YtDfS9XhRwBTG,NA,429940
https://api.spotify.com/v1/artists/5xeBMeW0YzWIXSVzAxhM8O,5xeBMeW0YzWIXSVzAxhM8O,of Montreal,56,artist,spotify:artist:5xeBMeW0YzWIXSVzAxhM8O,https://open.spotify.com/artist/5xeBMeW0YzWIXSVzAxhM8O,NA,219433
https://api.spotify.com/v1/artists/7zrkALJ9ayRjzysp4QYoEg,7zrkALJ9ayRjzysp4QYoEg,Maribou State,67,artist,spotify:artist:7zrkALJ9ayRjzysp4QYoEg,https://open.spotify.com/artist/7zrkALJ9ayRjzysp4QYoEg,NA,187664
https://api.spotify.com/v1/artists/3EnbnmqrrvApHJs6FMvYik,3EnbnmqrrvApHJs6FMvYik,Elder Island,61,artist,spotify:artist:3EnbnmqrrvApHJs6FMvYik,https://open.spotify.com/artist/3EnbnmqrrvApHJs6FMvYik,NA,89130
https://api.spotify.com/v1/artists/4jLcgJjDGmW0HmvbSf6lEI,4jLcgJjDGmW0HmvbSf6lEI,How To Dress Well,41,artist,spotify:artist:4jLcgJjDGmW0HmvbSf6lEI,https://open.spotify.com/artist/4jLcgJjDGmW0HmvbSf6lEI,NA,84453
https://api.spotify.com/v1/artists/0KydPQPUUoTNhmiHKOg5Er,0KydPQPUUoTNhmiHKOg5Er,Neon Indian,52,artist,spotify:artist:0KydPQPUUoTNhmiHKOg5Er,https://open.spotify.com/artist/0KydPQPUUoTNhmiHKOg5Er,NA,269648
https://api.spotify.com/v1/artists/16lg8y62dC3J6ok1pNAbFJ,16lg8y62dC3J6ok1pNAbFJ,Craft Spells,47,artist,spotify:artist:16lg8y62dC3J6ok1pNAbFJ,https://open.spotify.com/artist/16lg8y62dC3J6ok1pNAbFJ,NA,97077
https://api.spotify.com/v1/artists/6NrkINd80slV25wkBu9mEB,6NrkINd80slV25wkBu9mEB,Wild Nothing,56,artist,spotify:artist:6NrkINd80slV25wkBu9mEB,https://open.spotify.com/artist/6NrkINd80slV25wkBu9mEB,NA,234103
https://api.spotify.com/v1/artists/6fLrPFLWLSCrp7gcTZXcKb,6fLrPFLWLSCrp7gcTZXcKb,Twin Shadow,55,artist,spotify:artist:6fLrPFLWLSCrp7gcTZXcKb,https://open.spotify.com/artist/6fLrPFLWLSCrp7gcTZXcKb,NA,170162
https://api.spotify.com/v1/artists/1ybAN3utgdoUL1MUCtH4QM,1ybAN3utgdoUL1MUCtH4QM,Tennis,59,artist,spotify:artist:1ybAN3utgdoUL1MUCtH4QM,https://open.spotify.com/artist/1ybAN3utgdoUL1MUCtH4QM,NA,180258
https://api.spotify.com/v1/artists/1bwUhKRmEkOZ1wuTnV9XjC,1bwUhKRmEkOZ1wuTnV9XjC,Beach Fossils,61,artist,spotify:artist:1bwUhKRmEkOZ1wuTnV9XjC,https://open.spotify.com/artist/1bwUhKRmEkOZ1wuTnV9XjC,NA,328966
https://api.spotify.com/v1/artists/3Oim8XBPbznAa8Jj8QzNc8,3Oim8XBPbznAa8Jj8QzNc8,Cults,59,artist,spotify:artist:3Oim8XBPbznAa8Jj8QzNc8,https://open.spotify.com/artist/3Oim8XBPbznAa8Jj8QzNc8,NA,213055
https://api.spotify.com/v1/artists/7E3BRXV9ZbCt5lQTCXMTia,7E3BRXV9ZbCt5lQTCXMTia,Ólafur Arnalds,69,artist,spotify:artist:7E3BRXV9ZbCt5lQTCXMTia,https://open.spotify.com/artist/7E3BRXV9ZbCt5lQTCXMTia,NA,453274
https://api.spotify.com/v1/artists/2VKfXEWzhUi9siHBDTI02Y,2VKfXEWzhUi9siHBDTI02Y,Joep Beving,64,artist,spotify:artist:2VKfXEWzhUi9siHBDTI02Y,https://open.spotify.com/artist/2VKfXEWzhUi9siHBDTI02Y,NA,118001
https://api.spotify.com/v1/artists/3tSvlEzeDnVbQJBTkIA6nO,3tSvlEzeDnVbQJBTkIA6nO,Christian Löffler,63,artist,spotify:artist:3tSvlEzeDnVbQJBTkIA6nO,https://open.spotify.com/artist/3tSvlEzeDnVbQJBTkIA6nO,NA,136712
https://api.spotify.com/v1/artists/6RAx8RRxoHeJIqD2d0EjOa,6RAx8RRxoHeJIqD2d0EjOa,HVOB,56,artist,spotify:artist:6RAx8RRxoHeJIqD2d0EjOa,https://open.spotify.com/artist/6RAx8RRxoHeJIqD2d0EjOa,NA,114675
https://api.spotify.com/v1/artists/1cS5EoXVqz7aON00AkVBBA,1cS5EoXVqz7aON00AkVBBA,DAVID AUGUST,52,artist,spotify:artist:1cS5EoXVqz7aON00AkVBBA,https://open.spotify.com/artist/1cS5EoXVqz7aON00AkVBBA,NA,150109
https://api.spotify.com/v1/artists/0s2YIpNnjdf0FY4tNrF8Y4,0s2YIpNnjdf0FY4tNrF8Y4,Ricardo Villalobos,37,artist,spotify:artist:0s2YIpNnjdf0FY4tNrF8Y4,https://open.spotify.com/artist/0s2YIpNnjdf0FY4tNrF8Y4,NA,106999
https://api.spotify.com/v1/artists/3LHqODf1hGAgZ5LTw1Gf4C,3LHqODf1hGAgZ5LTw1Gf4C,Acid Pauli,55,artist,spotify:artist:3LHqODf1hGAgZ5LTw1Gf4C,https://open.spotify.com/artist/3LHqODf1hGAgZ5LTw1Gf4C,NA,86592
https://api.spotify.com/v1/artists/1oXiuCd5F0DcnmXH5KaM6N,1oXiuCd5F0DcnmXH5KaM6N,Kollektiv Turmstrasse,52,artist,spotify:artist:1oXiuCd5F0DcnmXH5KaM6N,https://open.spotify.com/artist/1oXiuCd5F0DcnmXH5KaM6N,NA,175179
https://api.spotify.com/v1/artists/1WjBIvYAnZTkTh5UiZNwlR,1WjBIvYAnZTkTh5UiZNwlR,Oliver Koletzki,60,artist,spotify:artist:1WjBIvYAnZTkTh5UiZNwlR,https://open.spotify.com/artist/1WjBIvYAnZTkTh5UiZNwlR,NA,194699
https://api.spotify.com/v1/artists/2nq2BeSbzExGAv3Y4HgUf7,2nq2BeSbzExGAv3Y4HgUf7,Stephan Bodzin,53,artist,spotify:artist:2nq2BeSbzExGAv3Y4HgUf7,https://open.spotify.com/artist/2nq2BeSbzExGAv3Y4HgUf7,NA,175002
https://api.spotify.com/v1/artists/7tL5UmgvPx6TqKyf0Sjjw6,7tL5UmgvPx6TqKyf0Sjjw6,Marek Hemmann,49,artist,spotify:artist:7tL5UmgvPx6TqKyf0Sjjw6,https://open.spotify.com/artist/7tL5UmgvPx6TqKyf0Sjjw6,NA,106986
https://api.spotify.com/v1/artists/0NBGssQpgDczTsVEp4pCbR,0NBGssQpgDczTsVEp4pCbR,Oliver Huntemann,48,artist,spotify:artist:0NBGssQpgDczTsVEp4pCbR,https://open.spotify.com/artist/0NBGssQpgDczTsVEp4pCbR,NA,91934
https://api.spotify.com/v1/artists/5a0etAzO5V26gvlbmHzT9W,5a0etAzO5V26gvlbmHzT9W,Nicolas Jaar,62,artist,spotify:artist:5a0etAzO5V26gvlbmHzT9W,https://open.spotify.com/artist/5a0etAzO5V26gvlbmHzT9W,NA,522610
https://api.spotify.com/v1/artists/7su1fG75ZwXHA6ei9Zcy7T,7su1fG75ZwXHA6ei9Zcy7T,Stavroz,53,artist,spotify:artist:7su1fG75ZwXHA6ei9Zcy7T,https://open.spotify.com/artist/7su1fG75ZwXHA6ei9Zcy7T,NA,80396
https://api.spotify.com/v1/artists/2RqrWplViWHSGLzlhmDcbt,2RqrWplViWHSGLzlhmDcbt,Yaeji,63,artist,spotify:artist:2RqrWplViWHSGLzlhmDcbt,https://open.spotify.com/artist/2RqrWplViWHSGLzlhmDcbt,NA,213930
https://api.spotify.com/v1/artists/1Ma3pJzPIrAyYPNRkp3SUF,1Ma3pJzPIrAyYPNRkp3SUF,Ross from Friends,55,artist,spotify:artist:1Ma3pJzPIrAyYPNRkp3SUF,https://open.spotify.com/artist/1Ma3pJzPIrAyYPNRkp3SUF,NA,88007
https://api.spotify.com/v1/artists/2933wDUojoQmvqSdTAE5NB,2933wDUojoQmvqSdTAE5NB,DARKSIDE,48,artist,spotify:artist:2933wDUojoQmvqSdTAE5NB,https://open.spotify.com/artist/2933wDUojoQmvqSdTAE5NB,NA,153853
https://api.spotify.com/v1/artists/4jGpKAmwvU263l0tUh4xKU,4jGpKAmwvU263l0tUh4xKU,Joris Voorn,59,artist,spotify:artist:4jGpKAmwvU263l0tUh4xKU,https://open.spotify.com/artist/4jGpKAmwvU263l0tUh4xKU,NA,95931
https://api.spotify.com/v1/artists/4M84umUNRbZy1mJleyyRM9,4M84umUNRbZy1mJleyyRM9,Vitalic,55,artist,spotify:artist:4M84umUNRbZy1mJleyyRM9,https://open.spotify.com/artist/4M84umUNRbZy1mJleyyRM9,NA,195719
https://api.spotify.com/v1/artists/62k5LKMhymqlDNo2DWOvvv,62k5LKMhymqlDNo2DWOvvv,Boys Noize,60,artist,spotify:artist:62k5LKMhymqlDNo2DWOvvv,https://open.spotify.com/artist/62k5LKMhymqlDNo2DWOvvv,NA,203097
https://api.spotify.com/v1/artists/0b9ukmbg0MO5eMlorcgOwz,0b9ukmbg0MO5eMlorcgOwz,Mr. Oizo,50,artist,spotify:artist:0b9ukmbg0MO5eMlorcgOwz,https://open.spotify.com/artist/0b9ukmbg0MO5eMlorcgOwz,NA,139425
https://api.spotify.com/v1/artists/6OQOvP7RAdmAKVXXQqD0Se,6OQOvP7RAdmAKVXXQqD0Se,Pan-Pot,46,artist,spotify:artist:6OQOvP7RAdmAKVXXQqD0Se,https://open.spotify.com/artist/6OQOvP7RAdmAKVXXQqD0Se,NA,149169
https://api.spotify.com/v1/artists/7tA9Eeeb68kkiG9Nrvuzmi,7tA9Eeeb68kkiG9Nrvuzmi,Atoms For Peace,44,artist,spotify:artist:7tA9Eeeb68kkiG9Nrvuzmi,https://open.spotify.com/artist/7tA9Eeeb68kkiG9Nrvuzmi,NA,130642
https://api.spotify.com/v1/artists/0z9s3P5vCzKcUBSxgBDyLU,0z9s3P5vCzKcUBSxgBDyLU,Jonny Greenwood,52,artist,spotify:artist:0z9s3P5vCzKcUBSxgBDyLU,https://open.spotify.com/artist/0z9s3P5vCzKcUBSxgBDyLU,NA,86528
https://api.spotify.com/v1/artists/4Z8W4fKeB5YxbusRsdQVPb,4Z8W4fKeB5YxbusRsdQVPb,Radiohead,80,artist,spotify:artist:4Z8W4fKeB5YxbusRsdQVPb,https://open.spotify.com/artist/4Z8W4fKeB5YxbusRsdQVPb,NA,5055205
https://api.spotify.com/v1/artists/7w29UYBi0qsHi5RTcv3lmA,7w29UYBi0qsHi5RTcv3lmA,Björk,65,artist,spotify:artist:7w29UYBi0qsHi5RTcv3lmA,https://open.spotify.com/artist/7w29UYBi0qsHi5RTcv3lmA,NA,1100972
https://api.spotify.com/v1/artists/12VaqyEhgwDRuFfEqbnrpz,12VaqyEhgwDRuFfEqbnrpz,PJ Harvey,61,artist,spotify:artist:12VaqyEhgwDRuFfEqbnrpz,https://open.spotify.com/artist/12VaqyEhgwDRuFfEqbnrpz,NA,591274
https://api.spotify.com/v1/artists/7ry8L53T4oJtSIogGYuioq,7ry8L53T4oJtSIogGYuioq,N'to,58,artist,spotify:artist:7ry8L53T4oJtSIogGYuioq,https://open.spotify.com/artist/7ry8L53T4oJtSIogGYuioq,NA,106878
https://api.spotify.com/v1/artists/49gaZqfow2v8EEQmjGyEIw,49gaZqfow2v8EEQmjGyEIw,Todd Terje,54,artist,spotify:artist:49gaZqfow2v8EEQmjGyEIw,https://open.spotify.com/artist/49gaZqfow2v8EEQmjGyEIw,NA,181910
https://api.spotify.com/v1/artists/3TXQ1ddouwQAI78hV4hXDj,3TXQ1ddouwQAI78hV4hXDj,Maceo Plex,55,artist,spotify:artist:3TXQ1ddouwQAI78hV4hXDj,https://open.spotify.com/artist/3TXQ1ddouwQAI78hV4hXDj,NA,238177
https://api.spotify.com/v1/artists/7yF6JnFPDzgml2Ytkyl5D7,7yF6JnFPDzgml2Ytkyl5D7,Mall Grab,56,artist,spotify:artist:7yF6JnFPDzgml2Ytkyl5D7,https://open.spotify.com/artist/7yF6JnFPDzgml2Ytkyl5D7,NA,95957
https://api.spotify.com/v1/artists/4kubsO16bEfCADaVUyoYb6,4kubsO16bEfCADaVUyoYb6,Giraffage,50,artist,spotify:artist:4kubsO16bEfCADaVUyoYb6,https://open.spotify.com/artist/4kubsO16bEfCADaVUyoYb6,NA,97909
https://api.spotify.com/v1/artists/2pTCZ9C1fXdaVlv6d5EIXM,2pTCZ9C1fXdaVlv6d5EIXM,Chrome Sparks,54,artist,spotify:artist:2pTCZ9C1fXdaVlv6d5EIXM,https://open.spotify.com/artist/2pTCZ9C1fXdaVlv6d5EIXM,NA,102369
https://api.spotify.com/v1/artists/3htNAy3vYWWYV8RZFeyRMT,3htNAy3vYWWYV8RZFeyRMT,Slow Magic,49,artist,spotify:artist:3htNAy3vYWWYV8RZFeyRMT,https://open.spotify.com/artist/3htNAy3vYWWYV8RZFeyRMT,NA,103672
https://api.spotify.com/v1/artists/5MWBg16f5UYiaSlyVhzlIW,5MWBg16f5UYiaSlyVhzlIW,John Cale,53,artist,spotify:artist:5MWBg16f5UYiaSlyVhzlIW,https://open.spotify.com/artist/5MWBg16f5UYiaSlyVhzlIW,NA,105775
https://api.spotify.com/v1/artists/2i8ynmFv4qgRksyDlBgi6d,2i8ynmFv4qgRksyDlBgi6d,Wire,51,artist,spotify:artist:2i8ynmFv4qgRksyDlBgi6d,https://open.spotify.com/artist/2i8ynmFv4qgRksyDlBgi6d,NA,106138
https://api.spotify.com/v1/artists/7Fo8TAyGJr4VmhE68QamMf,7Fo8TAyGJr4VmhE68QamMf,Talk Talk,62,artist,spotify:artist:7Fo8TAyGJr4VmhE68QamMf,https://open.spotify.com/artist/7Fo8TAyGJr4VmhE68QamMf,NA,282045
https://api.spotify.com/v1/artists/4w3QqrcmBv8dasemwBXmxf,4w3QqrcmBv8dasemwBXmxf,Prefab Sprout,54,artist,spotify:artist:4w3QqrcmBv8dasemwBXmxf,https://open.spotify.com/artist/4w3QqrcmBv8dasemwBXmxf,NA,112948
https://api.spotify.com/v1/artists/2LvhyFvUCDJ7gFuEBOcrM8,2LvhyFvUCDJ7gFuEBOcrM8,Michael Nyman,56,artist,spotify:artist:2LvhyFvUCDJ7gFuEBOcrM8,https://open.spotify.com/artist/2LvhyFvUCDJ7gFuEBOcrM8,NA,150703
https://api.spotify.com/v1/artists/4mw86zm4QZIL8SksdyE6OU,4mw86zm4QZIL8SksdyE6OU,múm,45,artist,spotify:artist:4mw86zm4QZIL8SksdyE6OU,https://open.spotify.com/artist/4mw86zm4QZIL8SksdyE6OU,NA,121676
https://api.spotify.com/v1/artists/6UUrUCIZtQeOf8tC0WuzRy,6UUrUCIZtQeOf8tC0WuzRy,Sigur Rós,62,artist,spotify:artist:6UUrUCIZtQeOf8tC0WuzRy,https://open.spotify.com/artist/6UUrUCIZtQeOf8tC0WuzRy,NA,924737
https://api.spotify.com/v1/artists/3khg8RDB6nMuw34w1IHS6Y,3khg8RDB6nMuw34w1IHS6Y,Jónsi,55,artist,spotify:artist:3khg8RDB6nMuw34w1IHS6Y,https://open.spotify.com/artist/3khg8RDB6nMuw34w1IHS6Y,NA,124635
https://api.spotify.com/v1/artists/4SQdUpG4f7UbkJG3cJ2Iyj,4SQdUpG4f7UbkJG3cJ2Iyj,Arca,51,artist,spotify:artist:4SQdUpG4f7UbkJG3cJ2Iyj,https://open.spotify.com/artist/4SQdUpG4f7UbkJG3cJ2Iyj,NA,110228
https://api.spotify.com/v1/artists/6FfjnGXMhxSsJTuGLWBDth,6FfjnGXMhxSsJTuGLWBDth,HEALTH,55,artist,spotify:artist:6FfjnGXMhxSsJTuGLWBDth,https://open.spotify.com/artist/6FfjnGXMhxSsJTuGLWBDth,NA,86665
https://api.spotify.com/v1/artists/1iqXhsjGeWi2Gje5q0mFYb,1iqXhsjGeWi2Gje5q0mFYb,xxyyxx,49,artist,spotify:artist:1iqXhsjGeWi2Gje5q0mFYb,https://open.spotify.com/artist/1iqXhsjGeWi2Gje5q0mFYb,NA,228876
https://api.spotify.com/v1/artists/4bbjivSh1oG4NOc7uYHfw5,4bbjivSh1oG4NOc7uYHfw5,Lil B,57,artist,spotify:artist:4bbjivSh1oG4NOc7uYHfw5,https://open.spotify.com/artist/4bbjivSh1oG4NOc7uYHfw5,NA,109865
https://api.spotify.com/v1/artists/73A3bLnfnz5BoQjb4gNCga,73A3bLnfnz5BoQjb4gNCga,Bicep,62,artist,spotify:artist:73A3bLnfnz5BoQjb4gNCga,https://open.spotify.com/artist/73A3bLnfnz5BoQjb4gNCga,NA,166857
https://api.spotify.com/v1/artists/7A0awCXkE1FtSU8B0qwOJQ,7A0awCXkE1FtSU8B0qwOJQ,Jamie xx,64,artist,spotify:artist:7A0awCXkE1FtSU8B0qwOJQ,https://open.spotify.com/artist/7A0awCXkE1FtSU8B0qwOJQ,NA,579755
https://api.spotify.com/v1/artists/4G0XDEk7RbA4BBCTs917U9,4G0XDEk7RbA4BBCTs917U9,Sun Kil Moon,51,artist,spotify:artist:4G0XDEk7RbA4BBCTs917U9,https://open.spotify.com/artist/4G0XDEk7RbA4BBCTs917U9,NA,150809
https://api.spotify.com/v1/artists/3Rj0tDHoX7C5NFq5DKIpHt,3Rj0tDHoX7C5NFq5DKIpHt,Stereolab,55,artist,spotify:artist:3Rj0tDHoX7C5NFq5DKIpHt,https://open.spotify.com/artist/3Rj0tDHoX7C5NFq5DKIpHt,NA,146714
https://api.spotify.com/v1/artists/79S80ZWgVhIPMCHuvl6SkA,79S80ZWgVhIPMCHuvl6SkA,Swans,50,artist,spotify:artist:79S80ZWgVhIPMCHuvl6SkA,https://open.spotify.com/artist/79S80ZWgVhIPMCHuvl6SkA,NA,158592
https://api.spotify.com/v1/artists/2ooIqOf4X2uz4mMptXCtie,2ooIqOf4X2uz4mMptXCtie,Neutral Milk Hotel,60,artist,spotify:artist:2ooIqOf4X2uz4mMptXCtie,https://open.spotify.com/artist/2ooIqOf4X2uz4mMptXCtie,NA,396119
https://api.spotify.com/v1/artists/1jeYbk5eqo6wgsQPjLeU5w,1jeYbk5eqo6wgsQPjLeU5w,Daniel Johnston,52,artist,spotify:artist:1jeYbk5eqo6wgsQPjLeU5w,https://open.spotify.com/artist/1jeYbk5eqo6wgsQPjLeU5w,NA,153161
https://api.spotify.com/v1/artists/3G3Gdm0ZRAOxLrbyjfhii5,3G3Gdm0ZRAOxLrbyjfhii5,My Bloody Valentine,50,artist,spotify:artist:3G3Gdm0ZRAOxLrbyjfhii5,https://open.spotify.com/artist/3G3Gdm0ZRAOxLrbyjfhii5,NA,284663
